<metadata xml:lang="zh"><Esri><CreaDate>20181128</CreaDate><CreaTime>11364800</CreaTime><SyncOnce>FALSE</SyncOnce><SyncDate>20191220</SyncDate><SyncTime>15384100</SyncTime><ModDate>20191220</ModDate><ModTime>15384100</ModTime><DataProperties><lineage><Process ToolSource="C:\Program Files (x86)\ArcGIS\ArcToolbox\Toolboxes\Conversion Tools.tbx\FeatureClassToFeatureClass" Date="20120827" Time="112203">FeatureClassToFeatureClass "Database Connections\Connection to gapp8076gih3@govhk.sde\GOVHK.GIH3_SNB_POLY" "Database Connections\Connection to gapp8076gih3@govhk.sde\" GIH3_SNB_POLY_20120827 "OBJECTID =000" "NAME 'NAME' true true false 10 Text 0 0 ,First,#,Database Connections\Connection to gapp8076gih3@govhk.sde\GOVHK.GIH3_SNB_POLY,NAME,-1,-1;AREA_TC 'AREA_TC' true true false 300 Text 0 0 ,First,#,Database Connections\Connection to gapp8076gih3@govhk.sde\GOVHK.GIH3_SNB_POLY,AREA_TC,-1,-1;WEBPAGE_EN 'WEBPAGE_EN' true true false 100 Text 0 0 ,First,#,Database Connections\Connection to gapp8076gih3@govhk.sde\GOVHK.GIH3_SNB_POLY,WEBPAGE_EN,-1,-1;WEBPAGE_TC 'WEBPAGE_TC' true true false 100 Text 0 0 ,First,#,Database Connections\Connection to gapp8076gih3@govhk.sde\GOVHK.GIH3_SNB_POLY,WEBPAGE_TC,-1,-1;WEBPAGE_SC 'WEBPAGE_SC' true true false 100 Text 0 0 ,First,#,Database Connections\Connection to gapp8076gih3@govhk.sde\GOVHK.GIH3_SNB_POLY,WEBPAGE_SC,-1,-1;AREA_EN 'AREA_EN' true true false 1000 Text 0 0 ,First,#,Database Connections\Connection to gapp8076gih3@govhk.sde\GOVHK.GIH3_SNB_POLY,AREA_EN,-1,-1;AREA_SC 'AREA_SC' true true false 600 Text 0 0 ,First,#,Database Connections\Connection to gapp8076gih3@govhk.sde\GOVHK.GIH3_SNB_POLY,AREA_SC,-1,-1;LABEL_PT 'LABEL_PT' true true false 10 Text 0 0 ,First,#,Database Connections\Connection to gapp8076gih3@govhk.sde\GOVHK.GIH3_SNB_POLY,LABEL_PT,-1,-1;SHAPE_AREA 'SHAPE_AREA' false false true 0 Double 0 0 ,First,#,Database Connections\Connection to gapp8076gih3@govhk.sde\GOVHK.GIH3_SNB_POLY,SHAPE.AREA,-1,-1;SHAPE_LEN 'SHAPE_LEN' false false true 0 Double 0 0 ,First,#,Database Connections\Connection to gapp8076gih3@govhk.sde\GOVHK.GIH3_SNB_POLY,SHAPE.LEN,-1,-1" # "Database Connections\Connection to gapp8076gih3@govhk.sde\GOVHK.GIH3_SNB_POLY_20120827"</Process><Process ToolSource="C:\Program Files (x86)\ArcGIS\ArcToolbox\Toolboxes\Conversion Tools.tbx\FeatureClassToFeatureClass" Date="20120830" Time="112008">FeatureClassToFeatureClass "Database Connections\Connection to gapp8076gih3@govhk.sde\GOVHK.GIH3_SNB_POLY" "Database Connections\Connection to gapp8076gih3@govhk.sde" GIH3_SNB_POLY_20120830 "OBJECTID =000" "NAME 'NAME' true true false 10 Text 0 0 ,First,#,Database Connections\Connection to gapp8076gih3@govhk.sde\GOVHK.GIH3_SNB_POLY,NAME,-1,-1;AREA_TC 'AREA_TC' true true false 300 Text 0 0 ,First,#,Database Connections\Connection to gapp8076gih3@govhk.sde\GOVHK.GIH3_SNB_POLY,AREA_TC,-1,-1;WEBPAGE_EN 'WEBPAGE_EN' true true false 100 Text 0 0 ,First,#,Database Connections\Connection to gapp8076gih3@govhk.sde\GOVHK.GIH3_SNB_POLY,WEBPAGE_EN,-1,-1;WEBPAGE_TC 'WEBPAGE_TC' true true false 100 Text 0 0 ,First,#,Database Connections\Connection to gapp8076gih3@govhk.sde\GOVHK.GIH3_SNB_POLY,WEBPAGE_TC,-1,-1;WEBPAGE_SC 'WEBPAGE_SC' true true false 100 Text 0 0 ,First,#,Database Connections\Connection to gapp8076gih3@govhk.sde\GOVHK.GIH3_SNB_POLY,WEBPAGE_SC,-1,-1;AREA_EN 'AREA_EN' true true false 1000 Text 0 0 ,First,#,Database Connections\Connection to gapp8076gih3@govhk.sde\GOVHK.GIH3_SNB_POLY,AREA_EN,-1,-1;AREA_SC 'AREA_SC' true true false 600 Text 0 0 ,First,#,Database Connections\Connection to gapp8076gih3@govhk.sde\GOVHK.GIH3_SNB_POLY,AREA_SC,-1,-1;LABEL_PT 'LABEL_PT' true true false 10 Text 0 0 ,First,#,Database Connections\Connection to gapp8076gih3@govhk.sde\GOVHK.GIH3_SNB_POLY,LABEL_PT,-1,-1;SHAPE_AREA 'SHAPE_AREA' false false true 0 Double 0 0 ,First,#,Database Connections\Connection to gapp8076gih3@govhk.sde\GOVHK.GIH3_SNB_POLY,SHAPE.AREA,-1,-1;SHAPE_LEN 'SHAPE_LEN' false false true 0 Double 0 0 ,First,#,Database Connections\Connection to gapp8076gih3@govhk.sde\GOVHK.GIH3_SNB_POLY,SHAPE.LEN,-1,-1" # "Database Connections\Connection to gapp8076gih3@govhk.sde\GOVHK.GIH3_SNB_POLY_20120830"</Process><Process ToolSource="C:\Program Files (x86)\ArcGIS\ArcToolbox\Toolboxes\Data Management Tools.tbx\DeleteFeatures" Date="20121231" Time="090940">DeleteFeatures "Database Connections\Connection to gdat8073gih3@govhk.sde\GOVHK.GIH3_SNB_POLY" "Database Connections\Connection to gdat8073gih3@govhk.sde\GOVHK.GIH3_SNB_POLY"</Process><Process ToolSource="C:\Program Files\ArcGIS\ArcToolbox\Toolboxes\Conversion Tools.tbx\FeatureClassToFeatureClass" Date="20150804" Time="112546">FeatureClassToFeatureClass "Database Connections\Connection to gdat8073 (govhk).sde\GOVHK.GIH3_SNB_POLY_2015_BKUP" "Database Connections\Connection to gdat8073 (govhk).sde" GIH3_SNB_POLY "OBJECTID =0" "NAME 'NAME' true true false 10 Text 0 0 ,First,#,Database Connections\Connection to gdat8073 (govhk).sde\GOVHK.GIH3_SNB_POLY_2015_BKUP,NAME,-1,-1;AREA_TC 'AREA_TC' true true false 300 Text 0 0 ,First,#,Database Connections\Connection to gdat8073 (govhk).sde\GOVHK.GIH3_SNB_POLY_2015_BKUP,AREA_TC,-1,-1;WEBPAGE_EN 'WEBPAGE_EN' true true false 200 Text 0 0 ,First,#,Database Connections\Connection to gdat8073 (govhk).sde\GOVHK.GIH3_SNB_POLY_2015_BKUP,WEBPAGE_EN,-1,-1;WEBPAGE_TC 'WEBPAGE_TC' true true false 200 Text 0 0 ,First,#,Database Connections\Connection to gdat8073 (govhk).sde\GOVHK.GIH3_SNB_POLY_2015_BKUP,WEBPAGE_TC,-1,-1;WEBPAGE_SC 'WEBPAGE_SC' true true false 200 Text 0 0 ,First,#,Database Connections\Connection to gdat8073 (govhk).sde\GOVHK.GIH3_SNB_POLY_2015_BKUP,WEBPAGE_SC,-1,-1;AREA_EN 'AREA_EN' true true false 1000 Text 0 0 ,First,#,Database Connections\Connection to gdat8073 (govhk).sde\GOVHK.GIH3_SNB_POLY_2015_BKUP,AREA_EN,-1,-1;AREA_SC 'AREA_SC' true true false 600 Text 0 0 ,First,#,Database Connections\Connection to gdat8073 (govhk).sde\GOVHK.GIH3_SNB_POLY_2015_BKUP,AREA_SC,-1,-1;LABEL_PT 'LABEL_PT' true true false 10 Text 0 0 ,First,#,Database Connections\Connection to gdat8073 (govhk).sde\GOVHK.GIH3_SNB_POLY_2015_BKUP,LABEL_PT,-1,-1;SHAPE_AREA 'SHAPE_AREA' false false true 0 Double 0 0 ,First,#,Database Connections\Connection to gdat8073 (govhk).sde\GOVHK.GIH3_SNB_POLY_2015_BKUP,SHAPE.AREA,-1,-1;SHAPE_LEN 'SHAPE_LEN' false false true 0 Double 0 0 ,First,#,Database Connections\Connection to gdat8073 (govhk).sde\GOVHK.GIH3_SNB_POLY_2015_BKUP,SHAPE.LEN,-1,-1" # "Database Connections\Connection to gdat8073 (govhk).sde\GOVHK.GIH3_SNB_POLY"</Process><Process ToolSource="C:\Program Files\ArcGIS\ArcToolbox\Toolboxes\Data Management Tools.tbx\DeleteFeatures" Date="20160805" Time="145453">DeleteFeatures "Database Connections\Connection to gdat8073 (govhk).sde\GOVHK.GIH3_SNB_POLY" "Database Connections\Connection to gdat8073 (govhk).sde\GOVHK.GIH3_SNB_POLY"</Process><Process ToolSource="c:\program files (x86)\arcgis\desktop10.4\ArcToolbox\Toolboxes\Data Management Tools.tbx\ChangePrivileges" Date="20170523" Time="170057">ChangePrivileges 'Database Connections\Connection to rgihdev (rdataapp).sde\RDATAAPP.CENSUS_STPU_INCOME_POLY';'Database Connections\Connection to rgihdev (rdataapp).sde\RDATAAPP.DAM_BLDG_BLDGPOLY_POLY';'Database Connections\Connection to rgihdev (rdataapp).sde\RDATAAPP.CENSUS_BLDGTYPE_POLY';'Database Connections\Connection to rgihdev (rdataapp).sde\RDATAAPP.CENSUS_STPU_EDU_POLY';'Database Connections\Connection to rgihdev (rdataapp).sde\RDATAAPP.DAM_BLDG_DBLDG_POLY';'Database Connections\Connection to rgihdev (rdataapp).sde\RDATAAPP.AFCD_GEOPARK_POLY';'Database Connections\Connection to rgihdev (rdataapp).sde\RDATAAPP.DAM_BLDG_BLDDEVNM';'Database Connections\Connection to rgihdev (rdataapp).sde\RDATAAPP.DAM_BLDG_BLDLOTOP';'Database Connections\Connection to rgihdev (rdataapp).sde\RDATAAPP.DAM_BLDG_DPOD_POLY';'Database Connections\Connection to rgihdev (rdataapp).sde\RDATAAPP.DAM_BLDG_GEOSTRMP';'Database Connections\Connection to rgihdev (rdataapp).sde\RDATAAPP.CENSUS_DCCA_POLY';'Database Connections\Connection to rgihdev (rdataapp).sde\RDATAAPP.CENSUS_DCCA_POP';'Database Connections\Connection to rgihdev (rdataapp).sde\RDATAAPP.CENSUS_STPU_POP';'Database Connections\Connection to rgihdev (rdataapp).sde\RDATAAPP.DAM_BLDG_BLDADD';'Database Connections\Connection to rgihdev (rdataapp).sde\RDATAAPP.DAM_BLDG_BLDGEO';'Database Connections\Connection to rgihdev (rdataapp).sde\RDATAAPP.DAM_BLDG_BLDNM';'Database Connections\Connection to rgihdev (rdataapp).sde\RDATAAPP.DAM_BLDG_BLDOP';'Database Connections\Connection to rgihdev (rdataapp).sde\RDATAAPP.DAM_BLDG_BLDSTR';'Database Connections\Connection to rgihdev (rdataapp).sde\RDATAAPP.DAM_BLDG_DELCSU';'Database Connections\Connection to rgihdev (rdataapp).sde\RDATAAPP.DAM_BLDG_DEVNM';'Database Connections\Connection to rgihdev (rdataapp).sde\RDATAAPP.DAM_BLDG_LOCNM';'Database Connections\Connection to rgihdev (rdataapp).sde\RDATAAPP.AFCD_PARK_POLY';'Database Connections\Connection to rgihdev (rdataapp).sde\RDATAAPP.AFCD_TRAIL_ARC';'Database Connections\Connection to rgihdev (rdataapp).sde\RDATAAPP.AMO_SHAI_INFO';'Database Connections\Connection to rgihdev (rdataapp).sde\RDATAAPP.AMO_SHAI_POLY';'Database Connections\Connection to rgihdev (rdataapp).sde\RDATAAPP.DAM_BLDG_PBLDGPOLY_POLY';'Database Connections\Connection to rgihdev (rdataapp).sde\RDATAAPP.DAM_BLDG_PODPOLY_POLY';'Database Connections\Connection to rgihdev (rdataapp).sde\RDATAAPP.DAM_BLDG_PPODPOLY_POLY';'Database Connections\Connection to rgihdev (rdataapp).sde\RDATAAPP.DAM_BLDG_PROVDATE';'Database Connections\Connection to rgihdev (rdataapp).sde\RDATAAPP.DAM_BLDG_RENMCSU';'Database Connections\Connection to rgihdev (rdataapp).sde\RDATAAPP.DAM_BLDG_STLOC';'Database Connections\Connection to rgihdev (rdataapp).sde\RDATAAPP.DAM_BLDG_STNM';'Database Connections\Connection to rgihdev (rdataapp).sde\RDATAAPP.DAM_LOT_AREAU';'Database Connections\Connection to rgihdev (rdataapp).sde\RDATAAPP.DAM_LOT_CC_DATE';'Database Connections\Connection to rgihdev (rdataapp).sde\RDATAAPP.DAM_LOT_DIVIDE';'Database Connections\Connection to rgihdev (rdataapp).sde\RDATAAPP.DAM_LOT_HELD';'Database Connections\Connection to rgihdev (rdataapp).sde\RDATAAPP.DAM_LOT_LD_CLASS';'Database Connections\Connection to rgihdev (rdataapp).sde\RDATAAPP.DAM_LOT_LD_INFO';'Database Connections\Connection to rgihdev (rdataapp).sde\RDATAAPP.DAM_LOT_LDRESUNO';'Database Connections\Connection to rgihdev (rdataapp).sde\RDATAAPP.DAM_LOT_LOT_POLY';'Database Connections\Connection to rgihdev (rdataapp).sde\RDATAAPP.DAM_LOT_LOTNAME';'Database Connections\Connection to rgihdev (rdataapp).sde\RDATAAPP.DAM_LOT_MEMO';'Database Connections\Connection to rgihdev (rdataapp).sde\RDATAAPP.DAM_LOT_OVERLAPLOT_POLY';'Database Connections\Connection to rgihdev (rdataapp).sde\RDATAAPP.DAM_LOT_OWNER';'Database Connections\Connection to rgihdev (rdataapp).sde\RDATAAPP.DAM_LOT_REG_AREA';'Database Connections\Connection to rgihdev (rdataapp).sde\RDATAAPP.DAM_LOT_REG_MEMO';'Database Connections\Connection to rgihdev (rdataapp).sde\RDATAAPP.DAM_LOT_REG_TY';'Database Connections\Connection to rgihdev (rdataapp).sde\RDATAAPP.DAM_LOT_RESUNO';'Database Connections\Connection to rgihdev (rdataapp).sde\RDATAAPP.DAM_STREET_ARC';'Database Connections\Connection to rgihdev (rdataapp).sde\RDATAAPP.DAM_STREET_ST_INT';'Database Connections\Connection to rgihdev (rdataapp).sde\RDATAAPP.DAM_STREET_ST_NAME';'Database Connections\Connection to rgihdev (rdataapp).sde\RDATAAPP.DSD_CHAMBER';'Database Connections\Connection to rgihdev (rdataapp).sde\RDATAAPP.DSD_CHANNEL_SYMBOL';'Database Connections\Connection to rgihdev (rdataapp).sde\RDATAAPP.DSD_PIPE_SYMBOL';'Database Connections\Connection to rgihdev (rdataapp).sde\RDATAAPP.DSD_TUNNEL_POLY';'Database Connections\Connection to rgihdev (rdataapp).sde\RDATAAPP.DSD_TUNNEL_SYMBOL';'Database Connections\Connection to rgihdev (rdataapp).sde\RDATAAPP.DSD_TUNNEL_ZONE';'Database Connections\Connection to rgihdev (rdataapp).sde\RDATAAPP.FEHD_JEV_POLY';'Database Connections\Connection to rgihdev (rdataapp).sde\RDATAAPP.GEOD_BENCHMARK_POINT';'Database Connections\Connection to rgihdev (rdataapp).sde\RDATAAPP.GEOD_GPS_ARC';'Database Connections\Connection to rgihdev (rdataapp).sde\RDATAAPP.GEOD_GPS_POINT';'Database Connections\Connection to rgihdev (rdataapp).sde\RDATAAPP.GEOD_LCSS_POINT';'Database Connections\Connection to rgihdev (rdataapp).sde\RDATAAPP.GEOD_MISSING';'Database Connections\Connection to rgihdev (rdataapp).sde\RDATAAPP.GEOD_TRAV_ARC';'Database Connections\Connection to rgihdev (rdataapp).sde\RDATAAPP.GEOD_TRAV_POINT';'Database Connections\Connection to rgihdev (rdataapp).sde\RDATAAPP.GEOD_TRAV_SUR_ENG';'Database Connections\Connection to rgihdev (rdataapp).sde\RDATAAPP.GEOD_TRIG_MAIN_ARC';'Database Connections\Connection to rgihdev (rdataapp).sde\RDATAAPP.GEOD_TRIG_MINOR_ARC';'Database Connections\Connection to rgihdev (rdataapp).sde\RDATAAPP.GEOD_TRIG_POINT';'Database Connections\Connection to rgihdev (rdataapp).sde\RDATAAPP.GIH3_MAP_FACI_NAME_POINT';'Database Connections\Connection to rgihdev (rdataapp).sde\RDATAAPP.HyD_ROAD_POLY';'Database Connections\Connection to rgihdev (rdataapp).sde\RDATAAPP.LCSD_OVT_PHOTO';'Database Connections\Connection to rgihdev (rdataapp).sde\RDATAAPP.LCSD_OVT_POINT';'Database Connections\Connection to rgihdev (rdataapp).sde\RDATAAPP.LND_GCS_POLY';'Database Connections\Connection to rgihdev (rdataapp).sde\RDATAAPP.LND_GPSPHOTO_MAP_POINT';'Database Connections\Connection to rgihdev (rdataapp).sde\RDATAAPP.LND_MTR_STN_PED_POINT';'Database Connections\Connection to rgihdev (rdataapp).sde\RDATAAPP.LND_MTR_STN_PED_POLY';'Database Connections\Connection to rgihdev (rdataapp).sde\RDATAAPP.LND_ROUTE_ARC';'Database Connections\Connection to rgihdev (rdataapp).sde\RDATAAPP.LND_UTMGRID_POINT';'Database Connections\Connection to rgihdev (rdataapp).sde\RDATAAPP.LND_UTMGRID_POLY';'Database Connections\Connection to rgihdev (rdataapp).sde\RDATAAPP.MI_1000_INDEX_POLY';'Database Connections\Connection to rgihdev (rdataapp).sde\RDATAAPP.MI_1200_INDEX_POLY';'Database Connections\Connection to rgihdev (rdataapp).sde\RDATAAPP.MI_600_INDEX_POLY';'Database Connections\Connection to rgihdev (rdataapp).sde\RDATAAPP.MI_DD_INDEX_POLY';'Database Connections\Connection to rgihdev (rdataapp).sde\RDATAAPP.OVITRAP_INDEX';'Database Connections\Connection to rgihdev (rdataapp).sde\RDATAAPP.OVITRAP_POINT';'Database Connections\Connection to rgihdev (rdataapp).sde\RDATAAPP.OVITRAP_PORT_GROUP';'Database Connections\Connection to rgihdev (rdataapp).sde\RDATAAPP.OVITRAP_PORT_IDX';'Database Connections\Connection to rgihdev (rdataapp).sde\RDATAAPP.OVITRAP_PORT_POLY';'Database Connections\Connection to rgihdev (rdataapp).sde\RDATAAPP.OVITRAP_PORT_RESULT';\RDATAAPP.OVITRAP_RESULT;'Database Connections\Connection to rgihdev (rdataapp).sde\RDATAAPP.PLAND_BHCZONE_POLY';'Database Connections\Connection to rgihdev (rdataapp).sde\RDATAAPP.PLAND_SBVC_2011_POLY';'Database Connections\Connection to rgihdev (rdataapp).sde\RDATAAPP.PLAND_SPSCHM_POLY';'Database Connections\Connection to rgihdev (rdataapp).sde\RDATAAPP.PLAND_SPZONE_POLY';'Database Connections\Connection to rgihdev (rdataapp).sde\RDATAAPP.PLAND_TPU_2011_POLY';'Database Connections\Connection to rgihdev (rdataapp).sde\RDATAAPP.REO_DCCA_2003_POLY';'Database Connections\Connection to rgihdev (rdataapp).sde\RDATAAPP.REO_DCCA_2007_POLY';'Database Connections\Connection to rgihdev (rdataapp).sde\RDATAAPP.REO_DCCA_2011_POLY';'Database Connections\Connection to rgihdev (rdataapp).sde\RDATAAPP.REO_DCCA_2015_POLY';'Database Connections\Connection to rgihdev (rdataapp).sde\RDATAAPP.REO_KRE_2015_POLY';'Database Connections\Connection to rgihdev (rdataapp).sde\RDATAAPP.REO_LC_2012_POLY';'Database Connections\Connection to rgihdev (rdataapp).sde\RDATAAPP.REO_LC_2016_POLY';'Database Connections\Connection to rgihdev (rdataapp).sde\RDATAAPP.REO_VRE_2007_POLY';'Database Connections\Connection to rgihdev (rdataapp).sde\RDATAAPP.REO_VRE_2010_POLY';'Database Connections\Connection to rgihdev (rdataapp).sde\RDATAAPP.REO_VRE_2015_POLY';'Database Connections\Connection to rgihdev (rdataapp).sde\RDATAAPP.DAM_BLDG_OP';'Database Connections\Connection to rgihdev (rdataapp).sde\RDATAAPP.DAM_BLDG_PD';'Database Connections\Connection to rgihdev (rdataapp).sde\RDATAAPP.DAM_LOT_DIST';'Database Connections\Connection to rgihdev (rdataapp).sde\RDATAAPP.DAM_LOT_REG';'Database Connections\Connection to rgihdev (rdataapp).sde\RDATAAPP.DAM_LOT_USE';'Database Connections\Connection to rgihdev (rdataapp).sde\RDATAAPP.DSD_BCC_INFO';'Database Connections\Connection to rgihdev (rdataapp).sde\RDATAAPP.DSD_CHANNEL';'Database Connections\Connection to rgihdev (rdataapp).sde\RDATAAPP.DSD_MH_POLY';'Database Connections\Connection to rgihdev (rdataapp).sde\RDATAAPP.EDB_SNB_POLY';'Database Connections\Connection to rgihdev (rdataapp).sde\RDATAAPP.LND_EVA_POLY';'Database Connections\Connection to rgihdev (rdataapp).sde\RDATAAPP.LND_HFF_POLY';'Database Connections\Connection to rgihdev (rdataapp).sde\RDATAAPP.OVITRAP_GRID';'Database Connections\Connection to rgihdev (rdataapp).sde\RDATAAPP.OVITRAP_POLY';'Database Connections\Connection to rgihdev (rdataapp).sde\RDATAAPP.B1K_BUILDING';'Database Connections\Connection to rgihdev (rdataapp).sde\RDATAAPP.DSD_TUNNEL';'Database Connections\Connection to rgihdev (rdataapp).sde\RDATAAPP.LND_DC_ARC';'Database Connections\Connection to rgihdev (rdataapp).sde\RDATAAPP.LND_DC_POLY';'Database Connections\Connection to rgihdev (rdataapp).sde\RDATAAPP.LND_EVA_LUT';'Database Connections\Connection to rgihdev (rdataapp).sde\RDATAAPP.OVITRAP_MOI';'Database Connections\Connection to rgihdev (rdataapp).sde\RDATAAPP.APIX_ARC';'Database Connections\Connection to rgihdev (rdataapp).sde\RDATAAPP.APIX_POINT';'Database Connections\Connection to rgihdev (rdataapp).sde\RDATAAPP.APIX_POLY';'Database Connections\Connection to rgihdev (rdataapp).sde\RDATAAPP.DSD_MH_PT';'Database Connections\Connection to rgihdev (rdataapp).sde\RDATAAPP.DSD_PIPE';'Database Connections\Connection to rgihdev (rdataapp).sde\RDATAAPP.GIHS_FACI';'Database Connections\Connection to rgihdev (rdataapp).sde\RDATAAPP.MI_1000ED';'Database Connections\Connection to rgihdev (rdataapp).sde\RDATAAPP.MI_1200ED';'Database Connections\Connection to rgihdev (rdataapp).sde\RDATAAPP.MI_600ED';'Database Connections\Connection to rgihdev (rdataapp).sde\RDATAAPP.MI_DDED';'Database Connections\Connection to rgihdev (rdataapp).sde\RDATAAPP.SMRIS_DEPT';'Database Connections\Connection to rgihdev (rdataapp).sde\RDATAAPP.SMRIS_LUT';'Database Connections\Connection to rgihdev (rdataapp).sde\RDATAAPP.SMRIS_POLY' ruser GRANT #</Process><Process ToolSource="c:\program files (x86)\arcgis\desktop10.4\ArcToolbox\Toolboxes\Data Management Tools.tbx\ChangePrivileges" Date="20170526" Time="165020">ChangePrivileges 'Database Connections\Connection to rgihdev (rdataapp).sde\RDATAAPP.AFCD_GEOPARK_POLY';'Database Connections\Connection to rgihdev (rdataapp).sde\RDATAAPP.AFCD_MOUNTAIN_BIKE_ARC';'Database Connections\Connection to rgihdev (rdataapp).sde\RDATAAPP.AFCD_DP_POINT';'Database Connections\Connection to rgihdev (rdataapp).sde\RDATAAPP.AFCD_PARK_POLY';'Database Connections\Connection to rgihdev (rdataapp).sde\RDATAAPP.AFCD_TRAIL_ARC';'Database Connections\Connection to rgihdev (rdataapp).sde\RDATAAPP.AMO_SHAI_INFO';'Database Connections\Connection to rgihdev (rdataapp).sde\RDATAAPP.AMO_SHAI_POLY';'Database Connections\Connection to rgihdev (rdataapp).sde\RDATAAPP.APIX_POINT';'Database Connections\Connection to rgihdev (rdataapp).sde\RDATAAPP.APIX_ARC';'Database Connections\Connection to rgihdev (rdataapp).sde\RDATAAPP.APIX_POLY';'Database Connections\Connection to rgihdev (rdataapp).sde\RDATAAPP.B1K_BUILDING';'Database Connections\Connection to rgihdev (rdataapp).sde\RDATAAPP.CENSUS_DCCA_2001_POLY';'Database Connections\Connection to rgihdev (rdataapp).sde\RDATAAPP.CENSUS_DCCA_2001_POP';'Database Connections\Connection to rgihdev (rdataapp).sde\RDATAAPP.CENSUS_DCCA_2006_POLY';'Database Connections\Connection to rgihdev (rdataapp).sde\RDATAAPP.CENSUS_DCCA_2006_POP';'Database Connections\Connection to rgihdev (rdataapp).sde\RDATAAPP.CENSUS_DCCA_2011_POLY';'Database Connections\Connection to rgihdev (rdataapp).sde\RDATAAPP.CENSUS_STPU_2001_POP';'Database Connections\Connection to rgihdev (rdataapp).sde\RDATAAPP.CENSUS_STPU_2006_POP';'Database Connections\Connection to rgihdev (rdataapp).sde\RDATAAPP.CENSUS_STPU_2011_POP';'Database Connections\Connection to rgihdev (rdataapp).sde\RDATAAPP.CENSUS_STPU_EDU_2001_POLY';'Database Connections\Connection to rgihdev (rdataapp).sde\RDATAAPP.CENSUS_STPU_INCOME_2001_POLY';'Database Connections\Connection to rgihdev (rdataapp).sde\RDATAAPP.DAM_BLDG_BLDADD';'Database Connections\Connection to rgihdev (rdataapp).sde\RDATAAPP.DAM_BLDG_BLDDEVNM';'Database Connections\Connection to rgihdev (rdataapp).sde\RDATAAPP.DAM_BLDG_BLDGEO';'Database Connections\Connection to rgihdev (rdataapp).sde\RDATAAPP.DAM_BLDG_BLDGPOLY_POLY';'Database Connections\Connection to rgihdev (rdataapp).sde\RDATAAPP.DAM_BLDG_BLDLOTOP';'Database Connections\Connection to rgihdev (rdataapp).sde\RDATAAPP.DAM_BLDG_BLDNM';'Database Connections\Connection to rgihdev (rdataapp).sde\RDATAAPP.DAM_BLDG_BLDOP';'Database Connections\Connection to rgihdev (rdataapp).sde\RDATAAPP.DAM_BLDG_BLDSTR';'Database Connections\Connection to rgihdev (rdataapp).sde\RDATAAPP.DAM_BLDG_DBLDG_POLY';'Database Connections\Connection to rgihdev (rdataapp).sde\RDATAAPP.DAM_BLDG_DELCSU';'Database Connections\Connection to rgihdev (rdataapp).sde\RDATAAPP.DAM_BLDG_DEVNM';'Database Connections\Connection to rgihdev (rdataapp).sde\RDATAAPP.DAM_BLDG_DPOD_POLY';'Database Connections\Connection to rgihdev (rdataapp).sde\RDATAAPP.DAM_BLDG_GEOSTRMP';'Database Connections\Connection to rgihdev (rdataapp).sde\RDATAAPP.DAM_BLDG_LOCNM';'Database Connections\Connection to rgihdev (rdataapp).sde\RDATAAPP.DAM_BLDG_OP';'Database Connections\Connection to rgihdev (rdataapp).sde\RDATAAPP.DAM_BLDG_PBLDGPOLY_POLY';'Database Connections\Connection to rgihdev (rdataapp).sde\RDATAAPP.DAM_BLDG_PD';'Database Connections\Connection to rgihdev (rdataapp).sde\RDATAAPP.DAM_BLDG_PODPOLY_POLY';'Database Connections\Connection to rgihdev (rdataapp).sde\RDATAAPP.DAM_BLDG_PPODPOLY_POLY';'Database Connections\Connection to rgihdev (rdataapp).sde\RDATAAPP.DAM_BLDG_PROVDATE';'Database Connections\Connection to rgihdev (rdataapp).sde\RDATAAPP.DAM_BLDG_RENMCSU';'Database Connections\Connection to rgihdev (rdataapp).sde\RDATAAPP.DAM_BLDG_STLOC';'Database Connections\Connection to rgihdev (rdataapp).sde\RDATAAPP.DAM_BLDG_STNM';'Database Connections\Connection to rgihdev (rdataapp).sde\RDATAAPP.DAM_LOT_AREAU';'Database Connections\Connection to rgihdev (rdataapp).sde\RDATAAPP.DAM_LOT_CC_DATE';'Database Connections\Connection to rgihdev (rdataapp).sde\RDATAAPP.DAM_LOT_DIST';'Database Connections\Connection to rgihdev (rdataapp).sde\RDATAAPP.DAM_LOT_DIVIDE';'Database Connections\Connection to rgihdev (rdataapp).sde\RDATAAPP.DAM_LOT_HELD';'Database Connections\Connection to rgihdev (rdataapp).sde\RDATAAPP.DAM_LOT_LD_CLASS';'Database Connections\Connection to rgihdev (rdataapp).sde\RDATAAPP.DAM_LOT_LD_INFO';'Database Connections\Connection to rgihdev (rdataapp).sde\RDATAAPP.DAM_LOT_LDRESUNO';'Database Connections\Connection to rgihdev (rdataapp).sde\RDATAAPP.DAM_LOT_LOT_POLY';'Database Connections\Connection to rgihdev (rdataapp).sde\RDATAAPP.DAM_LOT_LOTNAME';'Database Connections\Connection to rgihdev (rdataapp).sde\RDATAAPP.DAM_LOT_MEMO';'Database Connections\Connection to rgihdev (rdataapp).sde\RDATAAPP.DAM_LOT_OVERLAPLOT_POLY';'Database Connections\Connection to rgihdev (rdataapp).sde\RDATAAPP.DAM_LOT_OWNER';'Database Connections\Connection to rgihdev (rdataapp).sde\RDATAAPP.DAM_LOT_REG';'Database Connections\Connection to rgihdev (rdataapp).sde\RDATAAPP.DAM_LOT_REG_AREA';'Database Connections\Connection to rgihdev (rdataapp).sde\RDATAAPP.DAM_LOT_REG_MEMO';'Database Connections\Connection to rgihdev (rdataapp).sde\RDATAAPP.DAM_LOT_REG_TY';'Database Connections\Connection to rgihdev (rdataapp).sde\RDATAAPP.DAM_LOT_RESUNO';'Database Connections\Connection to rgihdev (rdataapp).sde\RDATAAPP.DAM_LOT_USE';'Database Connections\Connection to rgihdev (rdataapp).sde\RDATAAPP.DAM_STREET_ARC';'Database Connections\Connection to rgihdev (rdataapp).sde\RDATAAPP.DAM_STREET_ST_INT';'Database Connections\Connection to rgihdev (rdataapp).sde\RDATAAPP.DAM_STREET_ST_NAME';'Database Connections\Connection to rgihdev (rdataapp).sde\RDATAAPP.DSD_BCC_INFO';'Database Connections\Connection to rgihdev (rdataapp).sde\RDATAAPP.DSD_CHAMBER';'Database Connections\Connection to rgihdev (rdataapp).sde\RDATAAPP.DSD_CHANNEL';'Database Connections\Connection to rgihdev (rdataapp).sde\RDATAAPP.DSD_CHANNEL_SYMBOL';'Database Connections\Connection to rgihdev (rdataapp).sde\RDATAAPP.DSD_MH_POLY';'Database Connections\Connection to rgihdev (rdataapp).sde\RDATAAPP.DSD_MH_PT';'Database Connections\Connection to rgihdev (rdataapp).sde\RDATAAPP.DSD_PIPE';'Database Connections\Connection to rgihdev (rdataapp).sde\RDATAAPP.DSD_PIPE_SYMBOL';'Database Connections\Connection to rgihdev (rdataapp).sde\RDATAAPP.DSD_TUNNEL';'Database Connections\Connection to rgihdev (rdataapp).sde\RDATAAPP.DSD_TUNNEL_POLY';'Database Connections\Connection to rgihdev (rdataapp).sde\RDATAAPP.DSD_TUNNEL_SYMBOL';'Database Connections\Connection to rgihdev (rdataapp).sde\RDATAAPP.DSD_TUNNEL_ZONE';'Database Connections\Connection to rgihdev (rdataapp).sde\RDATAAPP.EDB_SNB_POLY';'Database Connections\Connection to rgihdev (rdataapp).sde\RDATAAPP.FEHD_JEV_POLY';'Database Connections\Connection to rgihdev (rdataapp).sde\RDATAAPP.GEOD_BENCHMARK_POINT';'Database Connections\Connection to rgihdev (rdataapp).sde\RDATAAPP.GEOD_GPS_ARC';'Database Connections\Connection to rgihdev (rdataapp).sde\RDATAAPP.GEOD_GPS_POINT';'Database Connections\Connection to rgihdev (rdataapp).sde\RDATAAPP.GEOD_LCSS_POINT';'Database Connections\Connection to rgihdev (rdataapp).sde\RDATAAPP.GEOD_MISSING';'Database Connections\Connection to rgihdev (rdataapp).sde\RDATAAPP.GEOD_TRAV_ARC';'Database Connections\Connection to rgihdev (rdataapp).sde\RDATAAPP.GEOD_TRAV_POINT';'Database Connections\Connection to rgihdev (rdataapp).sde\RDATAAPP.GEOD_TRAV_SUR_ENG';'Database Connections\Connection to rgihdev (rdataapp).sde\RDATAAPP.GEOD_TRIG_MAIN_ARC';'Database Connections\Connection to rgihdev (rdataapp).sde\RDATAAPP.GEOD_TRIG_MINOR_ARC';'Database Connections\Connection to rgihdev (rdataapp).sde\RDATAAPP.GEOD_TRIG_POINT';'Database Connections\Connection to rgihdev (rdataapp).sde\RDATAAPP.GIH3_MAP_FACI_NAME_POINT';'Database Connections\Connection to rgihdev (rdataapp).sde\RDATAAPP.GIHS_FACI';'Database Connections\Connection to rgihdev (rdataapp).sde\RDATAAPP.HyD_ROAD_POLY';'Database Connections\Connection to rgihdev (rdataapp).sde\RDATAAPP.LCSD_OVT_PHOTO';'Database Connections\Connection to rgihdev (rdataapp).sde\RDATAAPP.LCSD_OVT_POINT';'Database Connections\Connection to rgihdev (rdataapp).sde\RDATAAPP.LND_DC_ARC';'Database Connections\Connection to rgihdev (rdataapp).sde\RDATAAPP.LND_DC_POLY';'Database Connections\Connection to rgihdev (rdataapp).sde\RDATAAPP.LND_EVA_LUT';'Database Connections\Connection to rgihdev (rdataapp).sde\RDATAAPP.LND_EVA_POLY';'Database Connections\Connection to rgihdev (rdataapp).sde\RDATAAPP.LND_GCS_POLY';'Database Connections\Connection to rgihdev (rdataapp).sde\RDATAAPP.LND_GPSPHOTO_MAP_POINT';'Database Connections\Connection to rgihdev (rdataapp).sde\RDATAAPP.LND_HFF_POLY';'Database Connections\Connection to rgihdev (rdataapp).sde\RDATAAPP.LND_HTRAIL_ARC';'Database Connections\Connection to rgihdev (rdataapp).sde\RDATAAPP.LND_MTR_STN_PED_POINT';'Database Connections\Connection to rgihdev (rdataapp).sde\RDATAAPP.LND_MTR_STN_PED_POLY';'Database Connections\Connection to rgihdev (rdataapp).sde\RDATAAPP.LND_ROUTE_ARC';'Database Connections\Connection to rgihdev (rdataapp).sde\RDATAAPP.LND_UTMGRID_POINT';'Database Connections\Connection to rgihdev (rdataapp).sde\RDATAAPP.LND_UTMGRID_POLY';'Database Connections\Connection to rgihdev (rdataapp).sde\RDATAAPP.MI_1000_INDEX_POLY';'Database Connections\Connection to rgihdev (rdataapp).sde\RDATAAPP.MI_1000ED';'Database Connections\Connection to rgihdev (rdataapp).sde\RDATAAPP.MI_1200_INDEX_POLY';'Database Connections\Connection to rgihdev (rdataapp).sde\RDATAAPP.MI_1200ED';'Database Connections\Connection to rgihdev (rdataapp).sde\RDATAAPP.MI_600_INDEX_POLY';'Database Connections\Connection to rgihdev (rdataapp).sde\RDATAAPP.MI_600ED';'Database Connections\Connection to rgihdev (rdataapp).sde\RDATAAPP.MI_DD_INDEX_POLY';'Database Connections\Connection to rgihdev (rdataapp).sde\RDATAAPP.MI_DDED';'Database Connections\Connection to rgihdev (rdataapp).sde\RDATAAPP.OVITRAP_GRID';'Database Connections\Connection to rgihdev (rdataapp).sde\RDATAAPP.OVITRAP_INDEX';'Database Connections\Connection to rgihdev (rdataapp).sde\RDATAAPP.OVITRAP_MOI';'Database Connections\Connection to rgihdev (rdataapp).sde\RDATAAPP.OVITRAP_POINT';'Database Connections\Connection to rgihdev (rdataapp).sde\RDATAAPP.OVITRAP_POLY';'Database Connections\Connection to rgihdev (rdataapp).sde\RDATAAPP.OVITRAP_PORT_GROUP';'Database Connections\Connection to rgihdev (rdataapp).sde\RDATAAPP.OVITRAP_PORT_IDX';'Database Connections\Connection to rgihdev (rdataapp).sde\RDATAAPP.OVITRAP_PORT_POLY';'Database Connections\Connection to rgihdev (rdataapp).sde\RDATAAPP.OVITRAP_PORT_RESULT';\RDATAAPP.OVITRAP_RESULT;'Database Connections\Connection to rgihdev (rdataapp).sde\RDATAAPP.PLAND_BHCZONE_POLY';'Database Connections\Connection to rgihdev (rdataapp).sde\RDATAAPP.PLAND_SBVC_2011_POLY';'Database Connections\Connection to rgihdev (rdataapp).sde\RDATAAPP.PLAND_SPSCHM_POLY';'Database Connections\Connection to rgihdev (rdataapp).sde\RDATAAPP.PLAND_SPZONE_POLY';'Database Connections\Connection to rgihdev (rdataapp).sde\RDATAAPP.PLAND_TPU_2011_POLY';'Database Connections\Connection to rgihdev (rdataapp).sde\RDATAAPP.REO_DCCA_2003_POLY';'Database Connections\Connection to rgihdev (rdataapp).sde\RDATAAPP.REO_DCCA_2007_POLY';'Database Connections\Connection to rgihdev (rdataapp).sde\RDATAAPP.REO_DCCA_2011_POLY';'Database Connections\Connection to rgihdev (rdataapp).sde\RDATAAPP.REO_DCCA_2015_POLY';'Database Connections\Connection to rgihdev (rdataapp).sde\RDATAAPP.REO_KRE_2015_POLY';'Database Connections\Connection to rgihdev (rdataapp).sde\RDATAAPP.REO_LC_2012_POLY';'Database Connections\Connection to rgihdev (rdataapp).sde\RDATAAPP.REO_LC_2016_POLY';'Database Connections\Connection to rgihdev (rdataapp).sde\RDATAAPP.REO_VRE_2007_POLY';'Database Connections\Connection to rgihdev (rdataapp).sde\RDATAAPP.REO_VRE_2010_POLY';'Database Connections\Connection to rgihdev (rdataapp).sde\RDATAAPP.REO_VRE_2015_POLY';'Database Connections\Connection to rgihdev (rdataapp).sde\RDATAAPP.SMRIS_DEPT';'Database Connections\Connection to rgihdev (rdataapp).sde\RDATAAPP.SMRIS_LUT';'Database Connections\Connection to rgihdev (rdataapp).sde\RDATAAPP.SMRIS_POLY' ruser GRANT #</Process><Process ToolSource="C:\Users\gih101\AppData\Roaming\ESRI\Desktop10.4\ArcToolbox\My Toolboxes\Toolbox.tbx\ChangePrivileges" Date="20170609" Time="091541">ChangePrivileges 'Database Connections\Connection to rgihUAT (rdataapp).sde\RDATAAPP.AFCD_MOUNTAIN_BIKE_ARC';'Database Connections\Connection to rgihUAT (rdataapp).sde\RDATAAPP.AFCD_GEOPARK_POLY';'Database Connections\Connection to rgihUAT (rdataapp).sde\RDATAAPP.AFCD_DP_POINT';'Database Connections\Connection to rgihUAT (rdataapp).sde\RDATAAPP.AFCD_PARK_POLY';'Database Connections\Connection to rgihUAT (rdataapp).sde\RDATAAPP.AFCD_TRAIL_ARC';'Database Connections\Connection to rgihUAT (rdataapp).sde\RDATAAPP.AMO_SHAI_INFO';'Database Connections\Connection to rgihUAT (rdataapp).sde\RDATAAPP.AMO_SHAI_POLY';'Database Connections\Connection to rgihUAT (rdataapp).sde\RDATAAPP.APIX_ARC';'Database Connections\Connection to rgihUAT (rdataapp).sde\RDATAAPP.APIX_POINT';'Database Connections\Connection to rgihUAT (rdataapp).sde\RDATAAPP.APIX_POLY';'Database Connections\Connection to rgihUAT (rdataapp).sde\RDATAAPP.B1K_BUILDING';'Database Connections\Connection to rgihUAT (rdataapp).sde\RDATAAPP.CENSUS_DCCA_2001_POLY';'Database Connections\Connection to rgihUAT (rdataapp).sde\RDATAAPP.CENSUS_DCCA_2001_POP';'Database Connections\Connection to rgihUAT (rdataapp).sde\RDATAAPP.CENSUS_DCCA_2006_POLY';'Database Connections\Connection to rgihUAT (rdataapp).sde\RDATAAPP.CENSUS_DCCA_2006_POP';'Database Connections\Connection to rgihUAT (rdataapp).sde\RDATAAPP.CENSUS_DCCA_2011_POLY';'Database Connections\Connection to rgihUAT (rdataapp).sde\RDATAAPP.CENSUS_STPU_2001_POP';'Database Connections\Connection to rgihUAT (rdataapp).sde\RDATAAPP.CENSUS_STPU_2006_POP';'Database Connections\Connection to rgihUAT (rdataapp).sde\RDATAAPP.CENSUS_STPU_2011_POP';'Database Connections\Connection to rgihUAT (rdataapp).sde\RDATAAPP.CENSUS_STPU_EDU_2001_POLY';'Database Connections\Connection to rgihUAT (rdataapp).sde\RDATAAPP.CENSUS_STPU_INCOME_2001_POLY';'Database Connections\Connection to rgihUAT (rdataapp).sde\RDATAAPP.DAM_BLDG_BLDADD';'Database Connections\Connection to rgihUAT (rdataapp).sde\RDATAAPP.DAM_BLDG_BLDDEVNM';'Database Connections\Connection to rgihUAT (rdataapp).sde\RDATAAPP.DAM_BLDG_BLDGEO';'Database Connections\Connection to rgihUAT (rdataapp).sde\RDATAAPP.DAM_BLDG_BLDGPOLY_POLY';'Database Connections\Connection to rgihUAT (rdataapp).sde\RDATAAPP.DAM_BLDG_BLDLOTOP';'Database Connections\Connection to rgihUAT (rdataapp).sde\RDATAAPP.DAM_BLDG_BLDNM';'Database Connections\Connection to rgihUAT (rdataapp).sde\RDATAAPP.DAM_BLDG_BLDOP';'Database Connections\Connection to rgihUAT (rdataapp).sde\RDATAAPP.DAM_BLDG_BLDSTR';'Database Connections\Connection to rgihUAT (rdataapp).sde\RDATAAPP.DAM_BLDG_DBLDG_POLY';'Database Connections\Connection to rgihUAT (rdataapp).sde\RDATAAPP.DAM_BLDG_DELCSU';'Database Connections\Connection to rgihUAT (rdataapp).sde\RDATAAPP.DAM_BLDG_DEVNM';'Database Connections\Connection to rgihUAT (rdataapp).sde\RDATAAPP.DAM_BLDG_DPOD_POLY';'Database Connections\Connection to rgihUAT (rdataapp).sde\RDATAAPP.DAM_BLDG_GEOSTRMP';'Database Connections\Connection to rgihUAT (rdataapp).sde\RDATAAPP.DAM_BLDG_LOCNM';'Database Connections\Connection to rgihUAT (rdataapp).sde\RDATAAPP.DAM_BLDG_OP';'Database Connections\Connection to rgihUAT (rdataapp).sde\RDATAAPP.DAM_BLDG_PBLDGPOLY_POLY';'Database Connections\Connection to rgihUAT (rdataapp).sde\RDATAAPP.DAM_BLDG_PD';'Database Connections\Connection to rgihUAT (rdataapp).sde\RDATAAPP.DAM_BLDG_PODPOLY_POLY';'Database Connections\Connection to rgihUAT (rdataapp).sde\RDATAAPP.DAM_BLDG_PPODPOLY_POLY';'Database Connections\Connection to rgihUAT (rdataapp).sde\RDATAAPP.DAM_BLDG_PROVDATE';'Database Connections\Connection to rgihUAT (rdataapp).sde\RDATAAPP.DAM_BLDG_RENMCSU';'Database Connections\Connection to rgihUAT (rdataapp).sde\RDATAAPP.DAM_BLDG_STLOC';'Database Connections\Connection to rgihUAT (rdataapp).sde\RDATAAPP.DAM_BLDG_STNM';'Database Connections\Connection to rgihUAT (rdataapp).sde\RDATAAPP.DAM_LOT_AREAU';'Database Connections\Connection to rgihUAT (rdataapp).sde\RDATAAPP.DAM_LOT_CC_DATE';'Database Connections\Connection to rgihUAT (rdataapp).sde\RDATAAPP.DAM_LOT_DIST';'Database Connections\Connection to rgihUAT (rdataapp).sde\RDATAAPP.DAM_LOT_DIVIDE';'Database Connections\Connection to rgihUAT (rdataapp).sde\RDATAAPP.DAM_LOT_HELD';'Database Connections\Connection to rgihUAT (rdataapp).sde\RDATAAPP.DAM_LOT_LD_CLASS';'Database Connections\Connection to rgihUAT (rdataapp).sde\RDATAAPP.DAM_LOT_LD_INFO';'Database Connections\Connection to rgihUAT (rdataapp).sde\RDATAAPP.DAM_LOT_LDRESUNO';'Database Connections\Connection to rgihUAT (rdataapp).sde\RDATAAPP.DAM_LOT_LOT_POLY';'Database Connections\Connection to rgihUAT (rdataapp).sde\RDATAAPP.DAM_LOT_LOTNAME';'Database Connections\Connection to rgihUAT (rdataapp).sde\RDATAAPP.DAM_LOT_MEMO';'Database Connections\Connection to rgihUAT (rdataapp).sde\RDATAAPP.DAM_LOT_OVERLAPLOT_POLY';'Database Connections\Connection to rgihUAT (rdataapp).sde\RDATAAPP.DAM_LOT_OWNER';'Database Connections\Connection to rgihUAT (rdataapp).sde\RDATAAPP.DAM_LOT_REG';'Database Connections\Connection to rgihUAT (rdataapp).sde\RDATAAPP.DAM_LOT_REG_AREA';'Database Connections\Connection to rgihUAT (rdataapp).sde\RDATAAPP.DAM_LOT_REG_MEMO';'Database Connections\Connection to rgihUAT (rdataapp).sde\RDATAAPP.DAM_LOT_REG_TY';'Database Connections\Connection to rgihUAT (rdataapp).sde\RDATAAPP.DAM_LOT_RESUNO';'Database Connections\Connection to rgihUAT (rdataapp).sde\RDATAAPP.DAM_LOT_USE';'Database Connections\Connection to rgihUAT (rdataapp).sde\RDATAAPP.DAM_STREET_ARC';'Database Connections\Connection to rgihUAT (rdataapp).sde\RDATAAPP.DAM_STREET_ST_INT';'Database Connections\Connection to rgihUAT (rdataapp).sde\RDATAAPP.DAM_STREET_ST_NAME';'Database Connections\Connection to rgihUAT (rdataapp).sde\RDATAAPP.DH_NSA_POLY';'Database Connections\Connection to rgihUAT (rdataapp).sde\RDATAAPP.DSD_BCC_INFO';'Database Connections\Connection to rgihUAT (rdataapp).sde\RDATAAPP.DSD_CHAMBER';'Database Connections\Connection to rgihUAT (rdataapp).sde\RDATAAPP.DSD_CHANNEL';'Database Connections\Connection to rgihUAT (rdataapp).sde\RDATAAPP.DSD_CHANNEL_SYMBOL';'Database Connections\Connection to rgihUAT (rdataapp).sde\RDATAAPP.DSD_MH_POLY';'Database Connections\Connection to rgihUAT (rdataapp).sde\RDATAAPP.DSD_MH_PT';'Database Connections\Connection to rgihUAT (rdataapp).sde\RDATAAPP.DSD_PIPE';'Database Connections\Connection to rgihUAT (rdataapp).sde\RDATAAPP.DSD_PIPE_SYMBOL';'Database Connections\Connection to rgihUAT (rdataapp).sde\RDATAAPP.DSD_TUNNEL';'Database Connections\Connection to rgihUAT (rdataapp).sde\RDATAAPP.DSD_TUNNEL_POLY';'Database Connections\Connection to rgihUAT (rdataapp).sde\RDATAAPP.DSD_TUNNEL_SYMBOL';'Database Connections\Connection to rgihUAT (rdataapp).sde\RDATAAPP.DSD_TUNNEL_ZONE';'Database Connections\Connection to rgihUAT (rdataapp).sde\RDATAAPP.EDB_SNB_POLY';'Database Connections\Connection to rgihUAT (rdataapp).sde\RDATAAPP.FEHD_JEV_POLY';'Database Connections\Connection to rgihUAT (rdataapp).sde\RDATAAPP.GEOD_BENCHMARK_POINT';'Database Connections\Connection to rgihUAT (rdataapp).sde\RDATAAPP.GEOD_GPS_ARC';'Database Connections\Connection to rgihUAT (rdataapp).sde\RDATAAPP.GEOD_GPS_POINT';'Database Connections\Connection to rgihUAT (rdataapp).sde\RDATAAPP.GEOD_LCSS_POINT';'Database Connections\Connection to rgihUAT (rdataapp).sde\RDATAAPP.GEOD_MISSING';'Database Connections\Connection to rgihUAT (rdataapp).sde\RDATAAPP.GEOD_TRAV_ARC';'Database Connections\Connection to rgihUAT (rdataapp).sde\RDATAAPP.GEOD_TRAV_POINT';'Database Connections\Connection to rgihUAT (rdataapp).sde\RDATAAPP.GEOD_TRAV_SUR_ENG';'Database Connections\Connection to rgihUAT (rdataapp).sde\RDATAAPP.GEOD_TRIG_MAIN_ARC';'Database Connections\Connection to rgihUAT (rdataapp).sde\RDATAAPP.GEOD_TRIG_MINOR_ARC';'Database Connections\Connection to rgihUAT (rdataapp).sde\RDATAAPP.GEOD_TRIG_POINT';'Database Connections\Connection to rgihUAT (rdataapp).sde\RDATAAPP.GIH3_MAP_FACI_NAME_POINT';'Database Connections\Connection to rgihUAT (rdataapp).sde\RDATAAPP.GIHS_FACI';'Database Connections\Connection to rgihUAT (rdataapp).sde\RDATAAPP.HyD_ROAD_POLY';'Database Connections\Connection to rgihUAT (rdataapp).sde\RDATAAPP.LCSD_OVT_PHOTO';'Database Connections\Connection to rgihUAT (rdataapp).sde\RDATAAPP.LCSD_OVT_POINT';'Database Connections\Connection to rgihUAT (rdataapp).sde\RDATAAPP.LND_DC_ARC';'Database Connections\Connection to rgihUAT (rdataapp).sde\RDATAAPP.LND_DC_POLY';'Database Connections\Connection to rgihUAT (rdataapp).sde\RDATAAPP.LND_EVA_LUT';'Database Connections\Connection to rgihUAT (rdataapp).sde\RDATAAPP.LND_EVA_POLY';'Database Connections\Connection to rgihUAT (rdataapp).sde\RDATAAPP.LND_GCS_POLY';'Database Connections\Connection to rgihUAT (rdataapp).sde\RDATAAPP.LND_GPSPHOTO_MAP_POINT';'Database Connections\Connection to rgihUAT (rdataapp).sde\RDATAAPP.LND_HFF_POLY';'Database Connections\Connection to rgihUAT (rdataapp).sde\RDATAAPP.LND_HTRAIL_ARC';'Database Connections\Connection to rgihUAT (rdataapp).sde\RDATAAPP.LND_MTR_STN_PED_POINT';'Database Connections\Connection to rgihUAT (rdataapp).sde\RDATAAPP.LND_MTR_STN_PED_POLY';'Database Connections\Connection to rgihUAT (rdataapp).sde\RDATAAPP.LND_ROUTE_ARC';'Database Connections\Connection to rgihUAT (rdataapp).sde\RDATAAPP.LND_UTMGRID_POINT';'Database Connections\Connection to rgihUAT (rdataapp).sde\RDATAAPP.LND_UTMGRID_POLY';'Database Connections\Connection to rgihUAT (rdataapp).sde\RDATAAPP.MI_1000_INDEX_POLY';'Database Connections\Connection to rgihUAT (rdataapp).sde\RDATAAPP.MI_1000ED';'Database Connections\Connection to rgihUAT (rdataapp).sde\RDATAAPP.MI_1200_INDEX_POLY';'Database Connections\Connection to rgihUAT (rdataapp).sde\RDATAAPP.MI_1200ED';'Database Connections\Connection to rgihUAT (rdataapp).sde\RDATAAPP.MI_600_INDEX_POLY';'Database Connections\Connection to rgihUAT (rdataapp).sde\RDATAAPP.MI_600ED';'Database Connections\Connection to rgihUAT (rdataapp).sde\RDATAAPP.MI_DD_INDEX_POLY';'Database Connections\Connection to rgihUAT (rdataapp).sde\RDATAAPP.MI_DDED';'Database Connections\Connection to rgihUAT (rdataapp).sde\RDATAAPP.OFCA_MOBILE_POINT';'Database Connections\Connection to rgihUAT (rdataapp).sde\RDATAAPP.OVITRAP_GRID';'Database Connections\Connection to rgihUAT (rdataapp).sde\RDATAAPP.OVITRAP_INDEX';'Database Connections\Connection to rgihUAT (rdataapp).sde\RDATAAPP.OVITRAP_MOI';'Database Connections\Connection to rgihUAT (rdataapp).sde\RDATAAPP.OVITRAP_POINT';'Database Connections\Connection to rgihUAT (rdataapp).sde\RDATAAPP.OVITRAP_POLY';'Database Connections\Connection to rgihUAT (rdataapp).sde\RDATAAPP.OVITRAP_PORT_GROUP';'Database Connections\Connection to rgihUAT (rdataapp).sde\RDATAAPP.OVITRAP_PORT_IDX';'Database Connections\Connection to rgihUAT (rdataapp).sde\RDATAAPP.OVITRAP_PORT_POLY';'Database Connections\Connection to rgihUAT (rdataapp).sde\RDATAAPP.OVITRAP_PORT_RESULT';'Database Connections\Connection to rgihUAT (rdataapp).sde\RDATAAPP.OVITRAP_RESULT';'Database Connections\Connection to rgihUAT (rdataapp).sde\RDATAAPP.PCCW_ETK_POINT';'Database Connections\Connection to rgihUAT (rdataapp).sde\RDATAAPP.PLAND_BHCZONE_POLY';'Database Connections\Connection to rgihUAT (rdataapp).sde\RDATAAPP.PLAND_SBVC_2011_POLY';'Database Connections\Connection to rgihUAT (rdataapp).sde\RDATAAPP.PLAND_SPSCHM_POLY';'Database Connections\Connection to rgihUAT (rdataapp).sde\RDATAAPP.PLAND_SPZONE_POLY';'Database Connections\Connection to rgihUAT (rdataapp).sde\RDATAAPP.PLAND_TPU_2011_POLY';'Database Connections\Connection to rgihUAT (rdataapp).sde\RDATAAPP.REO_DCCA_2003_POLY';'Database Connections\Connection to rgihUAT (rdataapp).sde\RDATAAPP.REO_DCCA_2007_POLY';'Database Connections\Connection to rgihUAT (rdataapp).sde\RDATAAPP.REO_DCCA_2011_POLY';'Database Connections\Connection to rgihUAT (rdataapp).sde\RDATAAPP.REO_DCCA_2015_POLY';'Database Connections\Connection to rgihUAT (rdataapp).sde\RDATAAPP.REO_KRE_2015_POLY';'Database Connections\Connection to rgihUAT (rdataapp).sde\RDATAAPP.REO_LC_2012_POLY';'Database Connections\Connection to rgihUAT (rdataapp).sde\RDATAAPP.REO_LC_2016_POLY';'Database Connections\Connection to rgihUAT (rdataapp).sde\RDATAAPP.REO_VRE_2007_POLY';'Database Connections\Connection to rgihUAT (rdataapp).sde\RDATAAPP.REO_VRE_2010_POLY';'Database Connections\Connection to rgihUAT (rdataapp).sde\RDATAAPP.REO_VRE_2015_POLY';'Database Connections\Connection to rgihUAT (rdataapp).sde\RDATAAPP.SMRIS_DEPT';'Database Connections\Connection to rgihUAT (rdataapp).sde\RDATAAPP.SMRIS_LUT';'Database Connections\Connection to rgihUAT (rdataapp).sde\RDATAAPP.SMRIS_POLY' ruser GRANT #</Process><Process ToolSource="c:\program files (x86)\arcgis\desktop10.5\ArcToolbox\Toolboxes\Data Management Tools.tbx\DeleteField" Date="20180813" Time="090808">DeleteField "Database Connections\Connection to gdat9135 (gihexp).sde\GIHEXP.EDB_SNB_POLY" WEBPAGE_SC;AREA_SC</Process><Process ToolSource="c:\program files (x86)\arcgis\desktop10.4\ArcToolbox\Toolboxes\Data Management Tools.tbx\Copy" Date="20181127" Time="175339">Copy "Database Connections\Connection to gdat9135 (gihexp).sde\gihexp.EDB_SNB_POLY" d:\Data\Exports\RGM\GM_NONGDCS.gdb\EDB_SNB_POLY FeatureClass</Process><Process ToolSource="c:\program files (x86)\arcgis\desktop10.5\ArcToolbox\Toolboxes\Data Management Tools.tbx\Copy" Date="20181128" Time="113648">Copy D:\Data\Exports\RGM\GM_NONGDCS.gdb\EDB_SNB_POLY "Database Connections\Connection to 192.168.31.204 (rdataapp).sde\rdataapp.EDB_SNB_POLY" FeatureClass</Process><Process ToolSource="c:\program files (x86)\arcgis\desktop10.4\ArcToolbox\Toolboxes\Data Management Tools.tbx\TruncateTable" Date="20181212" Time="160133">TruncateTable "Database Connections\Connection to 192.168.31.204 (rdataapp).sde\rdataapp.EDB_SNB_POLY"</Process><Process ToolSource="c:\program files (x86)\arcgis\desktop10.4\ArcToolbox\Toolboxes\Data Management Tools.tbx\Append" Date="20181212" Time="160134">Append d:\Data\Updates\RGM\GM_NONGDCS.gdb\EDB_SNB_POLY "Database Connections\Connection to 192.168.31.204 (rdataapp).sde\rdataapp.EDB_SNB_POLY" NO_TEST "NAME "NAME" true true false 10 Text 0 0 ,First,#,d:\Data\Updates\RGM\GM_NONGDCS.gdb\EDB_SNB_POLY,NAME,-1,-1;AREA_TC "AREA_TC" true true false 300 Text 0 0 ,First,#,d:\Data\Updates\RGM\GM_NONGDCS.gdb\EDB_SNB_POLY,AREA_TC,-1,-1;WEBPAGE_EN "WEBPAGE_EN" true true false 200 Text 0 0 ,First,#,d:\Data\Updates\RGM\GM_NONGDCS.gdb\EDB_SNB_POLY,WEBPAGE_EN,-1,-1;WEBPAGE_TC "WEBPAGE_TC" true true false 200 Text 0 0 ,First,#,d:\Data\Updates\RGM\GM_NONGDCS.gdb\EDB_SNB_POLY,WEBPAGE_TC,-1,-1;AREA_EN "AREA_EN" true true false 1000 Text 0 0 ,First,#,d:\Data\Updates\RGM\GM_NONGDCS.gdb\EDB_SNB_POLY,AREA_EN,-1,-1;LABEL_PT "LABEL_PT" true true false 10 Text 0 0 ,First,#,d:\Data\Updates\RGM\GM_NONGDCS.gdb\EDB_SNB_POLY,LABEL_PT,-1,-1;SHAPE.AREA "SHAPE.AREA" false false true 0 Double 0 0 ,First,#;SHAPE.LEN "SHAPE.LEN" false false true 0 Double 0 0 ,First,#" #</Process><Process ToolSource="c:\program files (x86)\arcgis\desktop10.4\ArcToolbox\Toolboxes\Data Management Tools.tbx\TruncateTable" Date="20181213" Time="175446">TruncateTable "Database Connections\Connection to 192.168.31.204 (rdataapp).sde\rdataapp.EDB_SNB_POLY"</Process><Process ToolSource="c:\program files (x86)\arcgis\desktop10.4\ArcToolbox\Toolboxes\Data Management Tools.tbx\Append" Date="20181213" Time="175447">Append d:\Data\Updates\RGM\GM_NONGDCS.gdb\EDB_SNB_POLY "Database Connections\Connection to 192.168.31.204 (rdataapp).sde\rdataapp.EDB_SNB_POLY" NO_TEST "NAME "NAME" true true false 10 Text 0 0 ,First,#,d:\Data\Updates\RGM\GM_NONGDCS.gdb\EDB_SNB_POLY,NAME,-1,-1;AREA_TC "AREA_TC" true true false 300 Text 0 0 ,First,#,d:\Data\Updates\RGM\GM_NONGDCS.gdb\EDB_SNB_POLY,AREA_TC,-1,-1;WEBPAGE_EN "WEBPAGE_EN" true true false 200 Text 0 0 ,First,#,d:\Data\Updates\RGM\GM_NONGDCS.gdb\EDB_SNB_POLY,WEBPAGE_EN,-1,-1;WEBPAGE_TC "WEBPAGE_TC" true true false 200 Text 0 0 ,First,#,d:\Data\Updates\RGM\GM_NONGDCS.gdb\EDB_SNB_POLY,WEBPAGE_TC,-1,-1;AREA_EN "AREA_EN" true true false 1000 Text 0 0 ,First,#,d:\Data\Updates\RGM\GM_NONGDCS.gdb\EDB_SNB_POLY,AREA_EN,-1,-1;LABEL_PT "LABEL_PT" true true false 10 Text 0 0 ,First,#,d:\Data\Updates\RGM\GM_NONGDCS.gdb\EDB_SNB_POLY,LABEL_PT,-1,-1;SHAPE.AREA "SHAPE.AREA" false false true 0 Double 0 0 ,First,#;SHAPE.LEN "SHAPE.LEN" false false true 0 Double 0 0 ,First,#" #</Process><Process ToolSource="c:\program files (x86)\arcgis\desktop10.4\ArcToolbox\Toolboxes\Data Management Tools.tbx\TruncateTable" Date="20190115" Time="160516">TruncateTable "Database Connections\Connection to 192.168.31.204 (rdataapp).sde\rdataapp.EDB_SNB_POLY"</Process><Process ToolSource="c:\program files (x86)\arcgis\desktop10.4\ArcToolbox\Toolboxes\Data Management Tools.tbx\Append" Date="20190115" Time="160518">Append d:\Data\Updates\RGM\GM_NONGDCS.gdb\EDB_SNB_POLY "Database Connections\Connection to 192.168.31.204 (rdataapp).sde\rdataapp.EDB_SNB_POLY" NO_TEST "NAME "NAME" true true false 10 Text 0 0 ,First,#,d:\Data\Updates\RGM\GM_NONGDCS.gdb\EDB_SNB_POLY,NAME,-1,-1;AREA_TC "AREA_TC" true true false 300 Text 0 0 ,First,#,d:\Data\Updates\RGM\GM_NONGDCS.gdb\EDB_SNB_POLY,AREA_TC,-1,-1;WEBPAGE_EN "WEBPAGE_EN" true true false 200 Text 0 0 ,First,#,d:\Data\Updates\RGM\GM_NONGDCS.gdb\EDB_SNB_POLY,WEBPAGE_EN,-1,-1;WEBPAGE_TC "WEBPAGE_TC" true true false 200 Text 0 0 ,First,#,d:\Data\Updates\RGM\GM_NONGDCS.gdb\EDB_SNB_POLY,WEBPAGE_TC,-1,-1;AREA_EN "AREA_EN" true true false 1000 Text 0 0 ,First,#,d:\Data\Updates\RGM\GM_NONGDCS.gdb\EDB_SNB_POLY,AREA_EN,-1,-1;LABEL_PT "LABEL_PT" true true false 10 Text 0 0 ,First,#,d:\Data\Updates\RGM\GM_NONGDCS.gdb\EDB_SNB_POLY,LABEL_PT,-1,-1;SHAPE.AREA "SHAPE.AREA" false false true 0 Double 0 0 ,First,#;SHAPE.LEN "SHAPE.LEN" false false true 0 Double 0 0 ,First,#" #</Process><Process ToolSource="c:\program files (x86)\arcgis\desktop10.4\ArcToolbox\Toolboxes\Data Management Tools.tbx\TruncateTable" Date="20190212" Time="100146">TruncateTable "Database Connections\Connection to 192.168.31.204 (rdataapp).sde\rdataapp.EDB_SNB_POLY"</Process><Process ToolSource="c:\program files (x86)\arcgis\desktop10.4\ArcToolbox\Toolboxes\Data Management Tools.tbx\Append" Date="20190212" Time="100147">Append d:\Data\Updates\RGM\GM_NONGDCS.gdb\EDB_SNB_POLY "Database Connections\Connection to 192.168.31.204 (rdataapp).sde\rdataapp.EDB_SNB_POLY" NO_TEST "NAME "NAME" true true false 10 Text 0 0 ,First,#,d:\Data\Updates\RGM\GM_NONGDCS.gdb\EDB_SNB_POLY,NAME,-1,-1;AREA_TC "AREA_TC" true true false 300 Text 0 0 ,First,#,d:\Data\Updates\RGM\GM_NONGDCS.gdb\EDB_SNB_POLY,AREA_TC,-1,-1;WEBPAGE_EN "WEBPAGE_EN" true true false 200 Text 0 0 ,First,#,d:\Data\Updates\RGM\GM_NONGDCS.gdb\EDB_SNB_POLY,WEBPAGE_EN,-1,-1;WEBPAGE_TC "WEBPAGE_TC" true true false 200 Text 0 0 ,First,#,d:\Data\Updates\RGM\GM_NONGDCS.gdb\EDB_SNB_POLY,WEBPAGE_TC,-1,-1;AREA_EN "AREA_EN" true true false 1000 Text 0 0 ,First,#,d:\Data\Updates\RGM\GM_NONGDCS.gdb\EDB_SNB_POLY,AREA_EN,-1,-1;LABEL_PT "LABEL_PT" true true false 10 Text 0 0 ,First,#,d:\Data\Updates\RGM\GM_NONGDCS.gdb\EDB_SNB_POLY,LABEL_PT,-1,-1;SHAPE.AREA "SHAPE.AREA" false false true 0 Double 0 0 ,First,#;SHAPE.LEN "SHAPE.LEN" false false true 0 Double 0 0 ,First,#" #</Process><Process ToolSource="c:\program files (x86)\arcgis\desktop10.4\ArcToolbox\Toolboxes\Data Management Tools.tbx\TruncateTable" Date="20190220" Time="120511">TruncateTable "Database Connections\Connection to 192.168.31.204 (rdataapp).sde\rdataapp.EDB_SNB_POLY"</Process><Process ToolSource="c:\program files (x86)\arcgis\desktop10.4\ArcToolbox\Toolboxes\Data Management Tools.tbx\Append" Date="20190220" Time="120513">Append d:\Data\Updates\RGM\GM_NONGDCS.gdb\EDB_SNB_POLY "Database Connections\Connection to 192.168.31.204 (rdataapp).sde\rdataapp.EDB_SNB_POLY" NO_TEST "NAME "NAME" true true false 10 Text 0 0 ,First,#,d:\Data\Updates\RGM\GM_NONGDCS.gdb\EDB_SNB_POLY,NAME,-1,-1;AREA_TC "AREA_TC" true true false 300 Text 0 0 ,First,#,d:\Data\Updates\RGM\GM_NONGDCS.gdb\EDB_SNB_POLY,AREA_TC,-1,-1;WEBPAGE_EN "WEBPAGE_EN" true true false 200 Text 0 0 ,First,#,d:\Data\Updates\RGM\GM_NONGDCS.gdb\EDB_SNB_POLY,WEBPAGE_EN,-1,-1;WEBPAGE_TC "WEBPAGE_TC" true true false 200 Text 0 0 ,First,#,d:\Data\Updates\RGM\GM_NONGDCS.gdb\EDB_SNB_POLY,WEBPAGE_TC,-1,-1;AREA_EN "AREA_EN" true true false 1000 Text 0 0 ,First,#,d:\Data\Updates\RGM\GM_NONGDCS.gdb\EDB_SNB_POLY,AREA_EN,-1,-1;LABEL_PT "LABEL_PT" true true false 10 Text 0 0 ,First,#,d:\Data\Updates\RGM\GM_NONGDCS.gdb\EDB_SNB_POLY,LABEL_PT,-1,-1;SHAPE.AREA "SHAPE.AREA" false false true 0 Double 0 0 ,First,#;SHAPE.LEN "SHAPE.LEN" false false true 0 Double 0 0 ,First,#" #</Process><Process ToolSource="c:\program files (x86)\arcgis\desktop10.4\ArcToolbox\Toolboxes\Data Management Tools.tbx\TruncateTable" Date="20190220" Time="153609">TruncateTable "Database Connections\Connection to 192.168.31.204 (rdataapp).sde\rdataapp.EDB_SNB_POLY"</Process><Process ToolSource="c:\program files (x86)\arcgis\desktop10.4\ArcToolbox\Toolboxes\Data Management Tools.tbx\Append" Date="20190220" Time="153610">Append d:\Data\Updates\RGM\GM_NONGDCS.gdb\EDB_SNB_POLY "Database Connections\Connection to 192.168.31.204 (rdataapp).sde\rdataapp.EDB_SNB_POLY" NO_TEST "NAME "NAME" true true false 10 Text 0 0 ,First,#,d:\Data\Updates\RGM\GM_NONGDCS.gdb\EDB_SNB_POLY,NAME,-1,-1;AREA_TC "AREA_TC" true true false 300 Text 0 0 ,First,#,d:\Data\Updates\RGM\GM_NONGDCS.gdb\EDB_SNB_POLY,AREA_TC,-1,-1;WEBPAGE_EN "WEBPAGE_EN" true true false 200 Text 0 0 ,First,#,d:\Data\Updates\RGM\GM_NONGDCS.gdb\EDB_SNB_POLY,WEBPAGE_EN,-1,-1;WEBPAGE_TC "WEBPAGE_TC" true true false 200 Text 0 0 ,First,#,d:\Data\Updates\RGM\GM_NONGDCS.gdb\EDB_SNB_POLY,WEBPAGE_TC,-1,-1;AREA_EN "AREA_EN" true true false 1000 Text 0 0 ,First,#,d:\Data\Updates\RGM\GM_NONGDCS.gdb\EDB_SNB_POLY,AREA_EN,-1,-1;LABEL_PT "LABEL_PT" true true false 10 Text 0 0 ,First,#,d:\Data\Updates\RGM\GM_NONGDCS.gdb\EDB_SNB_POLY,LABEL_PT,-1,-1;SHAPE.AREA "SHAPE.AREA" false false true 0 Double 0 0 ,First,#;SHAPE.LEN "SHAPE.LEN" false false true 0 Double 0 0 ,First,#" #</Process><Process ToolSource="c:\program files (x86)\arcgis\desktop10.4\ArcToolbox\Toolboxes\Data Management Tools.tbx\TruncateTable" Date="20190222" Time="101239">TruncateTable "Database Connections\Connection to 192.168.31.204 (rdataapp).sde\rdataapp.EDB_SNB_POLY"</Process><Process ToolSource="c:\program files (x86)\arcgis\desktop10.4\ArcToolbox\Toolboxes\Data Management Tools.tbx\Append" Date="20190222" Time="101240">Append d:\Data\Updates\RGM\GM_NONGDCS.gdb\EDB_SNB_POLY "Database Connections\Connection to 192.168.31.204 (rdataapp).sde\rdataapp.EDB_SNB_POLY" NO_TEST "NAME "NAME" true true false 10 Text 0 0 ,First,#,d:\Data\Updates\RGM\GM_NONGDCS.gdb\EDB_SNB_POLY,NAME,-1,-1;AREA_TC "AREA_TC" true true false 300 Text 0 0 ,First,#,d:\Data\Updates\RGM\GM_NONGDCS.gdb\EDB_SNB_POLY,AREA_TC,-1,-1;WEBPAGE_EN "WEBPAGE_EN" true true false 200 Text 0 0 ,First,#,d:\Data\Updates\RGM\GM_NONGDCS.gdb\EDB_SNB_POLY,WEBPAGE_EN,-1,-1;WEBPAGE_TC "WEBPAGE_TC" true true false 200 Text 0 0 ,First,#,d:\Data\Updates\RGM\GM_NONGDCS.gdb\EDB_SNB_POLY,WEBPAGE_TC,-1,-1;AREA_EN "AREA_EN" true true false 1000 Text 0 0 ,First,#,d:\Data\Updates\RGM\GM_NONGDCS.gdb\EDB_SNB_POLY,AREA_EN,-1,-1;LABEL_PT "LABEL_PT" true true false 10 Text 0 0 ,First,#,d:\Data\Updates\RGM\GM_NONGDCS.gdb\EDB_SNB_POLY,LABEL_PT,-1,-1;SHAPE.AREA "SHAPE.AREA" false false true 0 Double 0 0 ,First,#;SHAPE.LEN "SHAPE.LEN" false false true 0 Double 0 0 ,First,#" #</Process><Process ToolSource="c:\program files (x86)\arcgis\desktop10.4\ArcToolbox\Toolboxes\Data Management Tools.tbx\TruncateTable" Date="20190308" Time="144109">TruncateTable "Database Connections\Connection to 192.168.31.204 (rdataapp).sde\rdataapp.EDB_SNB_POLY"</Process><Process ToolSource="c:\program files (x86)\arcgis\desktop10.4\ArcToolbox\Toolboxes\Data Management Tools.tbx\Append" Date="20190308" Time="144110">Append d:\Data\Updates\RGM\GM_NONGDCS.gdb\EDB_SNB_POLY "Database Connections\Connection to 192.168.31.204 (rdataapp).sde\rdataapp.EDB_SNB_POLY" NO_TEST "NAME "NAME" true true false 10 Text 0 0 ,First,#,d:\Data\Updates\RGM\GM_NONGDCS.gdb\EDB_SNB_POLY,NAME,-1,-1;AREA_TC "AREA_TC" true true false 300 Text 0 0 ,First,#,d:\Data\Updates\RGM\GM_NONGDCS.gdb\EDB_SNB_POLY,AREA_TC,-1,-1;WEBPAGE_EN "WEBPAGE_EN" true true false 200 Text 0 0 ,First,#,d:\Data\Updates\RGM\GM_NONGDCS.gdb\EDB_SNB_POLY,WEBPAGE_EN,-1,-1;WEBPAGE_TC "WEBPAGE_TC" true true false 200 Text 0 0 ,First,#,d:\Data\Updates\RGM\GM_NONGDCS.gdb\EDB_SNB_POLY,WEBPAGE_TC,-1,-1;AREA_EN "AREA_EN" true true false 1000 Text 0 0 ,First,#,d:\Data\Updates\RGM\GM_NONGDCS.gdb\EDB_SNB_POLY,AREA_EN,-1,-1;LABEL_PT "LABEL_PT" true true false 10 Text 0 0 ,First,#,d:\Data\Updates\RGM\GM_NONGDCS.gdb\EDB_SNB_POLY,LABEL_PT,-1,-1;SHAPE.AREA "SHAPE.AREA" false false true 0 Double 0 0 ,First,#;SHAPE.LEN "SHAPE.LEN" false false true 0 Double 0 0 ,First,#" #</Process><Process ToolSource="c:\program files (x86)\arcgis\desktop10.4\ArcToolbox\Toolboxes\Data Management Tools.tbx\TruncateTable" Date="20190308" Time="151154">TruncateTable "Database Connections\Connection to 192.168.31.204 (rdataapp).sde\rdataapp.EDB_SNB_POLY"</Process><Process ToolSource="c:\program files (x86)\arcgis\desktop10.4\ArcToolbox\Toolboxes\Data Management Tools.tbx\Append" Date="20190308" Time="151155">Append d:\Data\Updates\RGM\GM_NONGDCS.gdb\EDB_SNB_POLY "Database Connections\Connection to 192.168.31.204 (rdataapp).sde\rdataapp.EDB_SNB_POLY" NO_TEST "NAME "NAME" true true false 10 Text 0 0 ,First,#,d:\Data\Updates\RGM\GM_NONGDCS.gdb\EDB_SNB_POLY,NAME,-1,-1;AREA_TC "AREA_TC" true true false 300 Text 0 0 ,First,#,d:\Data\Updates\RGM\GM_NONGDCS.gdb\EDB_SNB_POLY,AREA_TC,-1,-1;WEBPAGE_EN "WEBPAGE_EN" true true false 200 Text 0 0 ,First,#,d:\Data\Updates\RGM\GM_NONGDCS.gdb\EDB_SNB_POLY,WEBPAGE_EN,-1,-1;WEBPAGE_TC "WEBPAGE_TC" true true false 200 Text 0 0 ,First,#,d:\Data\Updates\RGM\GM_NONGDCS.gdb\EDB_SNB_POLY,WEBPAGE_TC,-1,-1;AREA_EN "AREA_EN" true true false 1000 Text 0 0 ,First,#,d:\Data\Updates\RGM\GM_NONGDCS.gdb\EDB_SNB_POLY,AREA_EN,-1,-1;LABEL_PT "LABEL_PT" true true false 10 Text 0 0 ,First,#,d:\Data\Updates\RGM\GM_NONGDCS.gdb\EDB_SNB_POLY,LABEL_PT,-1,-1;SHAPE.AREA "SHAPE.AREA" false false true 0 Double 0 0 ,First,#;SHAPE.LEN "SHAPE.LEN" false false true 0 Double 0 0 ,First,#" #</Process><Process ToolSource="c:\program files (x86)\arcgis\desktop10.4\ArcToolbox\Toolboxes\Data Management Tools.tbx\TruncateTable" Date="20190404" Time="111249">TruncateTable "Database Connections\Connection to 192.168.31.204 (rdataapp).sde\rdataapp.EDB_SNB_POLY"</Process><Process ToolSource="c:\program files (x86)\arcgis\desktop10.4\ArcToolbox\Toolboxes\Data Management Tools.tbx\Append" Date="20190404" Time="111250">Append d:\Data\Updates\RGM\GM_NONGDCS.gdb\EDB_SNB_POLY "Database Connections\Connection to 192.168.31.204 (rdataapp).sde\rdataapp.EDB_SNB_POLY" NO_TEST "NAME "NAME" true true false 10 Text 0 0 ,First,#,d:\Data\Updates\RGM\GM_NONGDCS.gdb\EDB_SNB_POLY,NAME,-1,-1;AREA_TC "AREA_TC" true true false 300 Text 0 0 ,First,#,d:\Data\Updates\RGM\GM_NONGDCS.gdb\EDB_SNB_POLY,AREA_TC,-1,-1;WEBPAGE_EN "WEBPAGE_EN" true true false 200 Text 0 0 ,First,#,d:\Data\Updates\RGM\GM_NONGDCS.gdb\EDB_SNB_POLY,WEBPAGE_EN,-1,-1;WEBPAGE_TC "WEBPAGE_TC" true true false 200 Text 0 0 ,First,#,d:\Data\Updates\RGM\GM_NONGDCS.gdb\EDB_SNB_POLY,WEBPAGE_TC,-1,-1;AREA_EN "AREA_EN" true true false 1000 Text 0 0 ,First,#,d:\Data\Updates\RGM\GM_NONGDCS.gdb\EDB_SNB_POLY,AREA_EN,-1,-1;LABEL_PT "LABEL_PT" true true false 10 Text 0 0 ,First,#,d:\Data\Updates\RGM\GM_NONGDCS.gdb\EDB_SNB_POLY,LABEL_PT,-1,-1;SHAPE.AREA "SHAPE.AREA" false false true 0 Double 0 0 ,First,#;SHAPE.LEN "SHAPE.LEN" false false true 0 Double 0 0 ,First,#" #</Process><Process ToolSource="c:\program files (x86)\arcgis\desktop10.4\ArcToolbox\Toolboxes\Data Management Tools.tbx\TruncateTable" Date="20190503" Time="101423">TruncateTable "Database Connections\Connection to 192.168.31.204 (rdataapp).sde\rdataapp.EDB_SNB_POLY"</Process><Process ToolSource="c:\program files (x86)\arcgis\desktop10.4\ArcToolbox\Toolboxes\Data Management Tools.tbx\Append" Date="20190503" Time="101424">Append d:\Data\Updates\RGM\GM_NONGDCS.gdb\EDB_SNB_POLY "Database Connections\Connection to 192.168.31.204 (rdataapp).sde\rdataapp.EDB_SNB_POLY" NO_TEST "NAME "NAME" true true false 10 Text 0 0 ,First,#,d:\Data\Updates\RGM\GM_NONGDCS.gdb\EDB_SNB_POLY,NAME,-1,-1;AREA_TC "AREA_TC" true true false 300 Text 0 0 ,First,#,d:\Data\Updates\RGM\GM_NONGDCS.gdb\EDB_SNB_POLY,AREA_TC,-1,-1;WEBPAGE_EN "WEBPAGE_EN" true true false 200 Text 0 0 ,First,#,d:\Data\Updates\RGM\GM_NONGDCS.gdb\EDB_SNB_POLY,WEBPAGE_EN,-1,-1;WEBPAGE_TC "WEBPAGE_TC" true true false 200 Text 0 0 ,First,#,d:\Data\Updates\RGM\GM_NONGDCS.gdb\EDB_SNB_POLY,WEBPAGE_TC,-1,-1;AREA_EN "AREA_EN" true true false 1000 Text 0 0 ,First,#,d:\Data\Updates\RGM\GM_NONGDCS.gdb\EDB_SNB_POLY,AREA_EN,-1,-1;LABEL_PT "LABEL_PT" true true false 10 Text 0 0 ,First,#,d:\Data\Updates\RGM\GM_NONGDCS.gdb\EDB_SNB_POLY,LABEL_PT,-1,-1;SHAPE.AREA "SHAPE.AREA" false false true 0 Double 0 0 ,First,#;SHAPE.LEN "SHAPE.LEN" false false true 0 Double 0 0 ,First,#" #</Process><Process ToolSource="c:\program files (x86)\arcgis\desktop10.4\ArcToolbox\Toolboxes\Data Management Tools.tbx\TruncateTable" Date="20190523" Time="172316">TruncateTable "Database Connections\Connection to 192.168.31.204 (rdataapp).sde\rdataapp.EDB_SNB_POLY"</Process><Process ToolSource="c:\program files (x86)\arcgis\desktop10.4\ArcToolbox\Toolboxes\Data Management Tools.tbx\Append" Date="20190523" Time="172317">Append d:\Data\Updates\RGM\GM_NONGDCS.gdb\EDB_SNB_POLY "Database Connections\Connection to 192.168.31.204 (rdataapp).sde\rdataapp.EDB_SNB_POLY" NO_TEST "NAME "NAME" true true false 10 Text 0 0 ,First,#,d:\Data\Updates\RGM\GM_NONGDCS.gdb\EDB_SNB_POLY,NAME,-1,-1;AREA_TC "AREA_TC" true true false 300 Text 0 0 ,First,#,d:\Data\Updates\RGM\GM_NONGDCS.gdb\EDB_SNB_POLY,AREA_TC,-1,-1;WEBPAGE_EN "WEBPAGE_EN" true true false 200 Text 0 0 ,First,#,d:\Data\Updates\RGM\GM_NONGDCS.gdb\EDB_SNB_POLY,WEBPAGE_EN,-1,-1;WEBPAGE_TC "WEBPAGE_TC" true true false 200 Text 0 0 ,First,#,d:\Data\Updates\RGM\GM_NONGDCS.gdb\EDB_SNB_POLY,WEBPAGE_TC,-1,-1;AREA_EN "AREA_EN" true true false 1000 Text 0 0 ,First,#,d:\Data\Updates\RGM\GM_NONGDCS.gdb\EDB_SNB_POLY,AREA_EN,-1,-1;LABEL_PT "LABEL_PT" true true false 10 Text 0 0 ,First,#,d:\Data\Updates\RGM\GM_NONGDCS.gdb\EDB_SNB_POLY,LABEL_PT,-1,-1;SHAPE.AREA "SHAPE.AREA" false false true 0 Double 0 0 ,First,#;SHAPE.LEN "SHAPE.LEN" false false true 0 Double 0 0 ,First,#" #</Process><Process ToolSource="c:\program files (x86)\arcgis\desktop10.4\ArcToolbox\Toolboxes\Data Management Tools.tbx\TruncateTable" Date="20190530" Time="161141">TruncateTable "Database Connections\Connection to 192.168.31.204 (rdataapp).sde\rdataapp.EDB_SNB_POLY"</Process><Process ToolSource="c:\program files (x86)\arcgis\desktop10.4\ArcToolbox\Toolboxes\Data Management Tools.tbx\Append" Date="20190530" Time="161142">Append d:\Data\Updates\RGM\GM_NONGDCS.gdb\EDB_SNB_POLY "Database Connections\Connection to 192.168.31.204 (rdataapp).sde\rdataapp.EDB_SNB_POLY" NO_TEST "NAME "NAME" true true false 10 Text 0 0 ,First,#,d:\Data\Updates\RGM\GM_NONGDCS.gdb\EDB_SNB_POLY,NAME,-1,-1;AREA_TC "AREA_TC" true true false 300 Text 0 0 ,First,#,d:\Data\Updates\RGM\GM_NONGDCS.gdb\EDB_SNB_POLY,AREA_TC,-1,-1;WEBPAGE_EN "WEBPAGE_EN" true true false 200 Text 0 0 ,First,#,d:\Data\Updates\RGM\GM_NONGDCS.gdb\EDB_SNB_POLY,WEBPAGE_EN,-1,-1;WEBPAGE_TC "WEBPAGE_TC" true true false 200 Text 0 0 ,First,#,d:\Data\Updates\RGM\GM_NONGDCS.gdb\EDB_SNB_POLY,WEBPAGE_TC,-1,-1;AREA_EN "AREA_EN" true true false 1000 Text 0 0 ,First,#,d:\Data\Updates\RGM\GM_NONGDCS.gdb\EDB_SNB_POLY,AREA_EN,-1,-1;LABEL_PT "LABEL_PT" true true false 10 Text 0 0 ,First,#,d:\Data\Updates\RGM\GM_NONGDCS.gdb\EDB_SNB_POLY,LABEL_PT,-1,-1;SHAPE.AREA "SHAPE.AREA" false false true 0 Double 0 0 ,First,#;SHAPE.LEN "SHAPE.LEN" false false true 0 Double 0 0 ,First,#" #</Process><Process ToolSource="c:\program files (x86)\arcgis\desktop10.4\ArcToolbox\Toolboxes\Data Management Tools.tbx\TruncateTable" Date="20190613" Time="124025">TruncateTable "Database Connections\Connection to 192.168.31.204 (rdataapp).sde\rdataapp.EDB_SNB_POLY"</Process><Process ToolSource="c:\program files (x86)\arcgis\desktop10.4\ArcToolbox\Toolboxes\Data Management Tools.tbx\Append" Date="20190613" Time="124026">Append d:\Data\Updates\RGM\GM_NONGDCS.gdb\EDB_SNB_POLY "Database Connections\Connection to 192.168.31.204 (rdataapp).sde\rdataapp.EDB_SNB_POLY" NO_TEST "NAME "NAME" true true false 10 Text 0 0 ,First,#,d:\Data\Updates\RGM\GM_NONGDCS.gdb\EDB_SNB_POLY,NAME,-1,-1;AREA_TC "AREA_TC" true true false 300 Text 0 0 ,First,#,d:\Data\Updates\RGM\GM_NONGDCS.gdb\EDB_SNB_POLY,AREA_TC,-1,-1;WEBPAGE_EN "WEBPAGE_EN" true true false 200 Text 0 0 ,First,#,d:\Data\Updates\RGM\GM_NONGDCS.gdb\EDB_SNB_POLY,WEBPAGE_EN,-1,-1;WEBPAGE_TC "WEBPAGE_TC" true true false 200 Text 0 0 ,First,#,d:\Data\Updates\RGM\GM_NONGDCS.gdb\EDB_SNB_POLY,WEBPAGE_TC,-1,-1;AREA_EN "AREA_EN" true true false 1000 Text 0 0 ,First,#,d:\Data\Updates\RGM\GM_NONGDCS.gdb\EDB_SNB_POLY,AREA_EN,-1,-1;LABEL_PT "LABEL_PT" true true false 10 Text 0 0 ,First,#,d:\Data\Updates\RGM\GM_NONGDCS.gdb\EDB_SNB_POLY,LABEL_PT,-1,-1;SHAPE.AREA "SHAPE.AREA" false false true 0 Double 0 0 ,First,#;SHAPE.LEN "SHAPE.LEN" false false true 0 Double 0 0 ,First,#" #</Process><Process ToolSource="c:\program files (x86)\arcgis\desktop10.4\ArcToolbox\Toolboxes\Data Management Tools.tbx\DeleteFeatures" Date="20190619" Time="100057">DeleteFeatures "Database Connections\Connection to rGMdev (rdataapp).sde\RDATAAPP.EDB_SNB_POLY"</Process><Process ToolSource="c:\program files (x86)\arcgis\desktop10.4\ArcToolbox\Toolboxes\Data Management Tools.tbx\TruncateTable" Date="20190822" Time="145956">TruncateTable "Database Connections\Connection to 192.168.31.204 (rdataapp).sde\rdataapp.EDB_SNB_POLY"</Process><Process ToolSource="c:\program files (x86)\arcgis\desktop10.4\ArcToolbox\Toolboxes\Data Management Tools.tbx\Append" Date="20190822" Time="145957">Append d:\Data\Updates\RGM\GM_NONGDCS.gdb\EDB_SNB_POLY "Database Connections\Connection to 192.168.31.204 (rdataapp).sde\rdataapp.EDB_SNB_POLY" NO_TEST "NAME "NAME" true true false 10 Text 0 0 ,First,#,d:\Data\Updates\RGM\GM_NONGDCS.gdb\EDB_SNB_POLY,NAME,-1,-1;AREA_TC "AREA_TC" true true false 300 Text 0 0 ,First,#,d:\Data\Updates\RGM\GM_NONGDCS.gdb\EDB_SNB_POLY,AREA_TC,-1,-1;WEBPAGE_EN "WEBPAGE_EN" true true false 200 Text 0 0 ,First,#,d:\Data\Updates\RGM\GM_NONGDCS.gdb\EDB_SNB_POLY,WEBPAGE_EN,-1,-1;WEBPAGE_TC "WEBPAGE_TC" true true false 200 Text 0 0 ,First,#,d:\Data\Updates\RGM\GM_NONGDCS.gdb\EDB_SNB_POLY,WEBPAGE_TC,-1,-1;AREA_EN "AREA_EN" true true false 1000 Text 0 0 ,First,#,d:\Data\Updates\RGM\GM_NONGDCS.gdb\EDB_SNB_POLY,AREA_EN,-1,-1;LABEL_PT "LABEL_PT" true true false 10 Text 0 0 ,First,#,d:\Data\Updates\RGM\GM_NONGDCS.gdb\EDB_SNB_POLY,LABEL_PT,-1,-1;SHAPE.AREA "SHAPE.AREA" false false true 0 Double 0 0 ,First,#;SHAPE.LEN "SHAPE.LEN" false false true 0 Double 0 0 ,First,#" #</Process><Process ToolSource="c:\program files (x86)\arcgis\desktop10.4\ArcToolbox\Toolboxes\Data Management Tools.tbx\TruncateTable" Date="20190827" Time="115549">TruncateTable "Database Connections\Connection to 192.168.31.204 (rdataapp).sde\rdataapp.EDB_SNB_POLY"</Process><Process ToolSource="c:\program files (x86)\arcgis\desktop10.4\ArcToolbox\Toolboxes\Data Management Tools.tbx\Append" Date="20190827" Time="115550">Append d:\Data\Updates\RGM\GM_NONGDCS.gdb\EDB_SNB_POLY "Database Connections\Connection to 192.168.31.204 (rdataapp).sde\rdataapp.EDB_SNB_POLY" NO_TEST "NAME "NAME" true true false 10 Text 0 0 ,First,#,d:\Data\Updates\RGM\GM_NONGDCS.gdb\EDB_SNB_POLY,NAME,-1,-1;AREA_TC "AREA_TC" true true false 300 Text 0 0 ,First,#,d:\Data\Updates\RGM\GM_NONGDCS.gdb\EDB_SNB_POLY,AREA_TC,-1,-1;WEBPAGE_EN "WEBPAGE_EN" true true false 200 Text 0 0 ,First,#,d:\Data\Updates\RGM\GM_NONGDCS.gdb\EDB_SNB_POLY,WEBPAGE_EN,-1,-1;WEBPAGE_TC "WEBPAGE_TC" true true false 200 Text 0 0 ,First,#,d:\Data\Updates\RGM\GM_NONGDCS.gdb\EDB_SNB_POLY,WEBPAGE_TC,-1,-1;AREA_EN "AREA_EN" true true false 1000 Text 0 0 ,First,#,d:\Data\Updates\RGM\GM_NONGDCS.gdb\EDB_SNB_POLY,AREA_EN,-1,-1;LABEL_PT "LABEL_PT" true true false 10 Text 0 0 ,First,#,d:\Data\Updates\RGM\GM_NONGDCS.gdb\EDB_SNB_POLY,LABEL_PT,-1,-1;SHAPE.AREA "SHAPE.AREA" false false true 0 Double 0 0 ,First,#;SHAPE.LEN "SHAPE.LEN" false false true 0 Double 0 0 ,First,#" #</Process><Process ToolSource="c:\program files (x86)\arcgis\desktop10.4\ArcToolbox\Toolboxes\Data Management Tools.tbx\TruncateTable" Date="20190905" Time="120916">TruncateTable "Database Connections\Connection to 192.168.31.204 (rdataapp).sde\rdataapp.EDB_SNB_POLY"</Process><Process ToolSource="c:\program files (x86)\arcgis\desktop10.4\ArcToolbox\Toolboxes\Data Management Tools.tbx\Append" Date="20190905" Time="120917">Append d:\Data\Updates\RGM\GM_NONGDCS.gdb\EDB_SNB_POLY "Database Connections\Connection to 192.168.31.204 (rdataapp).sde\rdataapp.EDB_SNB_POLY" NO_TEST "NAME "NAME" true true false 10 Text 0 0 ,First,#,d:\Data\Updates\RGM\GM_NONGDCS.gdb\EDB_SNB_POLY,NAME,-1,-1;AREA_TC "AREA_TC" true true false 300 Text 0 0 ,First,#,d:\Data\Updates\RGM\GM_NONGDCS.gdb\EDB_SNB_POLY,AREA_TC,-1,-1;WEBPAGE_EN "WEBPAGE_EN" true true false 200 Text 0 0 ,First,#,d:\Data\Updates\RGM\GM_NONGDCS.gdb\EDB_SNB_POLY,WEBPAGE_EN,-1,-1;WEBPAGE_TC "WEBPAGE_TC" true true false 200 Text 0 0 ,First,#,d:\Data\Updates\RGM\GM_NONGDCS.gdb\EDB_SNB_POLY,WEBPAGE_TC,-1,-1;AREA_EN "AREA_EN" true true false 1000 Text 0 0 ,First,#,d:\Data\Updates\RGM\GM_NONGDCS.gdb\EDB_SNB_POLY,AREA_EN,-1,-1;LABEL_PT "LABEL_PT" true true false 10 Text 0 0 ,First,#,d:\Data\Updates\RGM\GM_NONGDCS.gdb\EDB_SNB_POLY,LABEL_PT,-1,-1;SHAPE.AREA "SHAPE.AREA" false false true 0 Double 0 0 ,First,#;SHAPE.LEN "SHAPE.LEN" false false true 0 Double 0 0 ,First,#" #</Process><Process ToolSource="c:\program files (x86)\arcgis\desktop10.4\ArcToolbox\Toolboxes\Data Management Tools.tbx\TruncateTable" Date="20190919" Time="110153">TruncateTable "Database Connections\Connection to 192.168.31.204 (rdataapp).sde\rdataapp.EDB_SNB_POLY"</Process><Process ToolSource="c:\program files (x86)\arcgis\desktop10.4\ArcToolbox\Toolboxes\Data Management Tools.tbx\Append" Date="20190919" Time="110154">Append d:\Data\Updates\RGM\GM_NONGDCS.gdb\EDB_SNB_POLY "Database Connections\Connection to 192.168.31.204 (rdataapp).sde\rdataapp.EDB_SNB_POLY" NO_TEST "NAME "NAME" true true false 10 Text 0 0 ,First,#,d:\Data\Updates\RGM\GM_NONGDCS.gdb\EDB_SNB_POLY,NAME,-1,-1;AREA_TC "AREA_TC" true true false 300 Text 0 0 ,First,#,d:\Data\Updates\RGM\GM_NONGDCS.gdb\EDB_SNB_POLY,AREA_TC,-1,-1;WEBPAGE_EN "WEBPAGE_EN" true true false 200 Text 0 0 ,First,#,d:\Data\Updates\RGM\GM_NONGDCS.gdb\EDB_SNB_POLY,WEBPAGE_EN,-1,-1;WEBPAGE_TC "WEBPAGE_TC" true true false 200 Text 0 0 ,First,#,d:\Data\Updates\RGM\GM_NONGDCS.gdb\EDB_SNB_POLY,WEBPAGE_TC,-1,-1;AREA_EN "AREA_EN" true true false 1000 Text 0 0 ,First,#,d:\Data\Updates\RGM\GM_NONGDCS.gdb\EDB_SNB_POLY,AREA_EN,-1,-1;LABEL_PT "LABEL_PT" true true false 10 Text 0 0 ,First,#,d:\Data\Updates\RGM\GM_NONGDCS.gdb\EDB_SNB_POLY,LABEL_PT,-1,-1;SHAPE.AREA "SHAPE.AREA" false false true 0 Double 0 0 ,First,#;SHAPE.LEN "SHAPE.LEN" false false true 0 Double 0 0 ,First,#" #</Process><Process ToolSource="c:\program files (x86)\arcgis\desktop10.4\ArcToolbox\Toolboxes\Data Management Tools.tbx\TruncateTable" Date="20191003" Time="151512">TruncateTable "Database Connections\Connection to 192.168.31.204 (rdataapp).sde\rdataapp.EDB_SNB_POLY"</Process><Process ToolSource="c:\program files (x86)\arcgis\desktop10.4\ArcToolbox\Toolboxes\Data Management Tools.tbx\Append" Date="20191003" Time="151513">Append d:\Data\Updates\RGM\GM_NONGDCS.gdb\EDB_SNB_POLY "Database Connections\Connection to 192.168.31.204 (rdataapp).sde\rdataapp.EDB_SNB_POLY" NO_TEST "NAME "NAME" true true false 10 Text 0 0 ,First,#,d:\Data\Updates\RGM\GM_NONGDCS.gdb\EDB_SNB_POLY,NAME,-1,-1;AREA_TC "AREA_TC" true true false 300 Text 0 0 ,First,#,d:\Data\Updates\RGM\GM_NONGDCS.gdb\EDB_SNB_POLY,AREA_TC,-1,-1;WEBPAGE_EN "WEBPAGE_EN" true true false 200 Text 0 0 ,First,#,d:\Data\Updates\RGM\GM_NONGDCS.gdb\EDB_SNB_POLY,WEBPAGE_EN,-1,-1;WEBPAGE_TC "WEBPAGE_TC" true true false 200 Text 0 0 ,First,#,d:\Data\Updates\RGM\GM_NONGDCS.gdb\EDB_SNB_POLY,WEBPAGE_TC,-1,-1;AREA_EN "AREA_EN" true true false 1000 Text 0 0 ,First,#,d:\Data\Updates\RGM\GM_NONGDCS.gdb\EDB_SNB_POLY,AREA_EN,-1,-1;LABEL_PT "LABEL_PT" true true false 10 Text 0 0 ,First,#,d:\Data\Updates\RGM\GM_NONGDCS.gdb\EDB_SNB_POLY,LABEL_PT,-1,-1;SHAPE.AREA "SHAPE.AREA" false false true 0 Double 0 0 ,First,#;SHAPE.LEN "SHAPE.LEN" false false true 0 Double 0 0 ,First,#" #</Process><Process ToolSource="c:\program files (x86)\arcgis\desktop10.4\ArcToolbox\Toolboxes\Data Management Tools.tbx\TruncateTable" Date="20191017" Time="152057">TruncateTable "Database Connections\Connection to 192.168.31.204 (rdataapp).sde\rdataapp.EDB_SNB_POLY"</Process><Process ToolSource="c:\program files (x86)\arcgis\desktop10.4\ArcToolbox\Toolboxes\Data Management Tools.tbx\Append" Date="20191017" Time="152058">Append d:\Data\Updates\RGM\GM_NONGDCS.gdb\EDB_SNB_POLY "Database Connections\Connection to 192.168.31.204 (rdataapp).sde\rdataapp.EDB_SNB_POLY" NO_TEST "NAME "NAME" true true false 10 Text 0 0 ,First,#,d:\Data\Updates\RGM\GM_NONGDCS.gdb\EDB_SNB_POLY,NAME,-1,-1;AREA_TC "AREA_TC" true true false 300 Text 0 0 ,First,#,d:\Data\Updates\RGM\GM_NONGDCS.gdb\EDB_SNB_POLY,AREA_TC,-1,-1;WEBPAGE_EN "WEBPAGE_EN" true true false 200 Text 0 0 ,First,#,d:\Data\Updates\RGM\GM_NONGDCS.gdb\EDB_SNB_POLY,WEBPAGE_EN,-1,-1;WEBPAGE_TC "WEBPAGE_TC" true true false 200 Text 0 0 ,First,#,d:\Data\Updates\RGM\GM_NONGDCS.gdb\EDB_SNB_POLY,WEBPAGE_TC,-1,-1;AREA_EN "AREA_EN" true true false 1000 Text 0 0 ,First,#,d:\Data\Updates\RGM\GM_NONGDCS.gdb\EDB_SNB_POLY,AREA_EN,-1,-1;LABEL_PT "LABEL_PT" true true false 10 Text 0 0 ,First,#,d:\Data\Updates\RGM\GM_NONGDCS.gdb\EDB_SNB_POLY,LABEL_PT,-1,-1;SHAPE.AREA "SHAPE.AREA" false false true 0 Double 0 0 ,First,#;SHAPE.LEN "SHAPE.LEN" false false true 0 Double 0 0 ,First,#" #</Process><Process ToolSource="c:\program files (x86)\arcgis\desktop10.4\ArcToolbox\Toolboxes\Data Management Tools.tbx\TruncateTable" Date="20191031" Time="160644">TruncateTable "Database Connections\Connection to 192.168.31.204 (rdataapp).sde\rdataapp.EDB_SNB_POLY"</Process><Process ToolSource="c:\program files (x86)\arcgis\desktop10.4\ArcToolbox\Toolboxes\Data Management Tools.tbx\Append" Date="20191031" Time="160646">Append d:\Data\Updates\RGM\GM_NONGDCS.gdb\EDB_SNB_POLY "Database Connections\Connection to 192.168.31.204 (rdataapp).sde\rdataapp.EDB_SNB_POLY" NO_TEST "NAME "NAME" true true false 10 Text 0 0 ,First,#,d:\Data\Updates\RGM\GM_NONGDCS.gdb\EDB_SNB_POLY,NAME,-1,-1;AREA_TC "AREA_TC" true true false 300 Text 0 0 ,First,#,d:\Data\Updates\RGM\GM_NONGDCS.gdb\EDB_SNB_POLY,AREA_TC,-1,-1;WEBPAGE_EN "WEBPAGE_EN" true true false 200 Text 0 0 ,First,#,d:\Data\Updates\RGM\GM_NONGDCS.gdb\EDB_SNB_POLY,WEBPAGE_EN,-1,-1;WEBPAGE_TC "WEBPAGE_TC" true true false 200 Text 0 0 ,First,#,d:\Data\Updates\RGM\GM_NONGDCS.gdb\EDB_SNB_POLY,WEBPAGE_TC,-1,-1;AREA_EN "AREA_EN" true true false 1000 Text 0 0 ,First,#,d:\Data\Updates\RGM\GM_NONGDCS.gdb\EDB_SNB_POLY,AREA_EN,-1,-1;LABEL_PT "LABEL_PT" true true false 10 Text 0 0 ,First,#,d:\Data\Updates\RGM\GM_NONGDCS.gdb\EDB_SNB_POLY,LABEL_PT,-1,-1;SHAPE.AREA "SHAPE.AREA" false false true 0 Double 0 0 ,First,#;SHAPE.LEN "SHAPE.LEN" false false true 0 Double 0 0 ,First,#" #</Process><Process ToolSource="c:\program files (x86)\arcgis\desktop10.4\ArcToolbox\Toolboxes\Data Management Tools.tbx\TruncateTable" Date="20191114" Time="154720">TruncateTable "Database Connections\Connection to 192.168.31.204 (rdataapp).sde\rdataapp.EDB_SNB_POLY"</Process><Process ToolSource="c:\program files (x86)\arcgis\desktop10.4\ArcToolbox\Toolboxes\Data Management Tools.tbx\Append" Date="20191114" Time="154721">Append d:\Data\Updates\RGM\GM_NONGDCS.gdb\EDB_SNB_POLY "Database Connections\Connection to 192.168.31.204 (rdataapp).sde\rdataapp.EDB_SNB_POLY" NO_TEST "NAME "NAME" true true false 10 Text 0 0 ,First,#,d:\Data\Updates\RGM\GM_NONGDCS.gdb\EDB_SNB_POLY,NAME,-1,-1;AREA_TC "AREA_TC" true true false 300 Text 0 0 ,First,#,d:\Data\Updates\RGM\GM_NONGDCS.gdb\EDB_SNB_POLY,AREA_TC,-1,-1;WEBPAGE_EN "WEBPAGE_EN" true true false 200 Text 0 0 ,First,#,d:\Data\Updates\RGM\GM_NONGDCS.gdb\EDB_SNB_POLY,WEBPAGE_EN,-1,-1;WEBPAGE_TC "WEBPAGE_TC" true true false 200 Text 0 0 ,First,#,d:\Data\Updates\RGM\GM_NONGDCS.gdb\EDB_SNB_POLY,WEBPAGE_TC,-1,-1;AREA_EN "AREA_EN" true true false 1000 Text 0 0 ,First,#,d:\Data\Updates\RGM\GM_NONGDCS.gdb\EDB_SNB_POLY,AREA_EN,-1,-1;LABEL_PT "LABEL_PT" true true false 10 Text 0 0 ,First,#,d:\Data\Updates\RGM\GM_NONGDCS.gdb\EDB_SNB_POLY,LABEL_PT,-1,-1;SHAPE.AREA "SHAPE.AREA" false false true 0 Double 0 0 ,First,#;SHAPE.LEN "SHAPE.LEN" false false true 0 Double 0 0 ,First,#" #</Process><Process ToolSource="c:\program files (x86)\arcgis\desktop10.4\ArcToolbox\Toolboxes\Data Management Tools.tbx\TruncateTable" Date="20191128" Time="174836">TruncateTable "Database Connections\Connection to 192.168.31.204 (rdataapp).sde\rdataapp.EDB_SNB_POLY"</Process><Process ToolSource="c:\program files (x86)\arcgis\desktop10.4\ArcToolbox\Toolboxes\Data Management Tools.tbx\Append" Date="20191128" Time="174837">Append d:\Data\Updates\RGM\GM_NONGDCS.gdb\EDB_SNB_POLY "Database Connections\Connection to 192.168.31.204 (rdataapp).sde\rdataapp.EDB_SNB_POLY" NO_TEST "NAME "NAME" true true false 10 Text 0 0 ,First,#,d:\Data\Updates\RGM\GM_NONGDCS.gdb\EDB_SNB_POLY,NAME,-1,-1;AREA_TC "AREA_TC" true true false 300 Text 0 0 ,First,#,d:\Data\Updates\RGM\GM_NONGDCS.gdb\EDB_SNB_POLY,AREA_TC,-1,-1;WEBPAGE_EN "WEBPAGE_EN" true true false 200 Text 0 0 ,First,#,d:\Data\Updates\RGM\GM_NONGDCS.gdb\EDB_SNB_POLY,WEBPAGE_EN,-1,-1;WEBPAGE_TC "WEBPAGE_TC" true true false 200 Text 0 0 ,First,#,d:\Data\Updates\RGM\GM_NONGDCS.gdb\EDB_SNB_POLY,WEBPAGE_TC,-1,-1;AREA_EN "AREA_EN" true true false 1000 Text 0 0 ,First,#,d:\Data\Updates\RGM\GM_NONGDCS.gdb\EDB_SNB_POLY,AREA_EN,-1,-1;LABEL_PT "LABEL_PT" true true false 10 Text 0 0 ,First,#,d:\Data\Updates\RGM\GM_NONGDCS.gdb\EDB_SNB_POLY,LABEL_PT,-1,-1;SHAPE.AREA "SHAPE.AREA" false false true 0 Double 0 0 ,First,#;SHAPE.LEN "SHAPE.LEN" false false true 0 Double 0 0 ,First,#" #</Process><Process ToolSource="c:\program files (x86)\arcgis\desktop10.4\ArcToolbox\Toolboxes\Data Management Tools.tbx\TruncateTable" Date="20191128" Time="175512">TruncateTable "Database Connections\Connection to 192.168.31.204 (rdataapp).sde\rdataapp.EDB_SNB_POLY"</Process><Process ToolSource="c:\program files (x86)\arcgis\desktop10.4\ArcToolbox\Toolboxes\Data Management Tools.tbx\Append" Date="20191128" Time="175513">Append d:\Data\Updates\RGM\GM_NONGDCS.gdb\EDB_SNB_POLY "Database Connections\Connection to 192.168.31.204 (rdataapp).sde\rdataapp.EDB_SNB_POLY" NO_TEST "NAME "NAME" true true false 10 Text 0 0 ,First,#,d:\Data\Updates\RGM\GM_NONGDCS.gdb\EDB_SNB_POLY,NAME,-1,-1;AREA_TC "AREA_TC" true true false 300 Text 0 0 ,First,#,d:\Data\Updates\RGM\GM_NONGDCS.gdb\EDB_SNB_POLY,AREA_TC,-1,-1;WEBPAGE_EN "WEBPAGE_EN" true true false 200 Text 0 0 ,First,#,d:\Data\Updates\RGM\GM_NONGDCS.gdb\EDB_SNB_POLY,WEBPAGE_EN,-1,-1;WEBPAGE_TC "WEBPAGE_TC" true true false 200 Text 0 0 ,First,#,d:\Data\Updates\RGM\GM_NONGDCS.gdb\EDB_SNB_POLY,WEBPAGE_TC,-1,-1;AREA_EN "AREA_EN" true true false 1000 Text 0 0 ,First,#,d:\Data\Updates\RGM\GM_NONGDCS.gdb\EDB_SNB_POLY,AREA_EN,-1,-1;LABEL_PT "LABEL_PT" true true false 10 Text 0 0 ,First,#,d:\Data\Updates\RGM\GM_NONGDCS.gdb\EDB_SNB_POLY,LABEL_PT,-1,-1;SHAPE.AREA "SHAPE.AREA" false false true 0 Double 0 0 ,First,#;SHAPE.LEN "SHAPE.LEN" false false true 0 Double 0 0 ,First,#" #</Process><Process ToolSource="c:\program files (x86)\arcgis\desktop10.4\ArcToolbox\Toolboxes\Data Management Tools.tbx\TruncateTable" Date="20191212" Time="152658">TruncateTable "Database Connections\Connection to 192.168.31.204 (rdataapp).sde\rdataapp.EDB_SNB_POLY"</Process><Process ToolSource="c:\program files (x86)\arcgis\desktop10.4\ArcToolbox\Toolboxes\Data Management Tools.tbx\Append" Date="20191212" Time="152659">Append d:\Data\Updates\RGM\GM_NONGDCS.gdb\EDB_SNB_POLY "Database Connections\Connection to 192.168.31.204 (rdataapp).sde\rdataapp.EDB_SNB_POLY" NO_TEST "NAME "NAME" true true false 10 Text 0 0 ,First,#,d:\Data\Updates\RGM\GM_NONGDCS.gdb\EDB_SNB_POLY,NAME,-1,-1;AREA_TC "AREA_TC" true true false 300 Text 0 0 ,First,#,d:\Data\Updates\RGM\GM_NONGDCS.gdb\EDB_SNB_POLY,AREA_TC,-1,-1;WEBPAGE_EN "WEBPAGE_EN" true true false 200 Text 0 0 ,First,#,d:\Data\Updates\RGM\GM_NONGDCS.gdb\EDB_SNB_POLY,WEBPAGE_EN,-1,-1;WEBPAGE_TC "WEBPAGE_TC" true true false 200 Text 0 0 ,First,#,d:\Data\Updates\RGM\GM_NONGDCS.gdb\EDB_SNB_POLY,WEBPAGE_TC,-1,-1;AREA_EN "AREA_EN" true true false 1000 Text 0 0 ,First,#,d:\Data\Updates\RGM\GM_NONGDCS.gdb\EDB_SNB_POLY,AREA_EN,-1,-1;LABEL_PT "LABEL_PT" true true false 10 Text 0 0 ,First,#,d:\Data\Updates\RGM\GM_NONGDCS.gdb\EDB_SNB_POLY,LABEL_PT,-1,-1;SHAPE.AREA "SHAPE.AREA" false false true 0 Double 0 0 ,First,#;SHAPE.LEN "SHAPE.LEN" false false true 0 Double 0 0 ,First,#" #</Process></lineage><itemProps><itemLocation><linkage Sync="TRUE">file://\\GMAP9176\D$\temp\EDB_SNB_POLY.shp</linkage><protocol Sync="TRUE">Local Area Network</protocol></itemLocation><itemName Sync="TRUE">EDB_SNB_POLY</itemName><imsContentType Sync="TRUE">002</imsContentType><itemSize Sync="TRUE">0.000</itemSize></itemProps><coordRef><type Sync="TRUE">Projected</type><geogcsn Sync="TRUE">GCS_Hong_Kong_1980</geogcsn><csUnits Sync="TRUE">Linear Unit: Meter (1.000000)</csUnits><projcsn Sync="TRUE">Hong_Kong_1980_Grid</projcsn><peXml Sync="TRUE">&lt;ProjectedCoordinateSystem xsi:type='typens:ProjectedCoordinateSystem' xmlns:xsi='http://www.w3.org/2001/XMLSchema-instance' xmlns:xs='http://www.w3.org/2001/XMLSchema' xmlns:typens='http://www.esri.com/schemas/ArcGIS/10.4'&gt;&lt;WKT&gt;PROJCS[&amp;quot;Hong_Kong_1980_Grid&amp;quot;,GEOGCS[&amp;quot;GCS_Hong_Kong_1980&amp;quot;,DATUM[&amp;quot;D_Hong_Kong_1980&amp;quot;,SPHEROID[&amp;quot;International_1924&amp;quot;,6378388.0,297.0]],PRIMEM[&amp;quot;Greenwich&amp;quot;,0.0],UNIT[&amp;quot;Degree&amp;quot;,0.0174532925199433]],PROJECTION[&amp;quot;Transverse_Mercator&amp;quot;],PARAMETER[&amp;quot;False_Easting&amp;quot;,836694.05],PARAMETER[&amp;quot;False_Northing&amp;quot;,819069.8],PARAMETER[&amp;quot;Central_Meridian&amp;quot;,114.1785555555556],PARAMETER[&amp;quot;Scale_Factor&amp;quot;,1.0],PARAMETER[&amp;quot;Latitude_Of_Origin&amp;quot;,22.31213333333334],UNIT[&amp;quot;Meter&amp;quot;,1.0],AUTHORITY[&amp;quot;EPSG&amp;quot;,2326]]&lt;/WKT&gt;&lt;XOrigin&gt;-4786700&lt;/XOrigin&gt;&lt;YOrigin&gt;-11651800&lt;/YOrigin&gt;&lt;XYScale&gt;450249651.57241428&lt;/XYScale&gt;&lt;ZOrigin&gt;-100000&lt;/ZOrigin&gt;&lt;ZScale&gt;10000&lt;/ZScale&gt;&lt;MOrigin&gt;-100000&lt;/MOrigin&gt;&lt;MScale&gt;10000&lt;/MScale&gt;&lt;XYTolerance&gt;0.001&lt;/XYTolerance&gt;&lt;ZTolerance&gt;0.001&lt;/ZTolerance&gt;&lt;MTolerance&gt;0.001&lt;/MTolerance&gt;&lt;HighPrecision&gt;true&lt;/HighPrecision&gt;&lt;WKID&gt;102140&lt;/WKID&gt;&lt;LatestWKID&gt;2326&lt;/LatestWKID&gt;&lt;/ProjectedCoordinateSystem&gt;</peXml></coordRef></DataProperties><ArcGISFormat>1.0</ArcGISFormat></Esri><idinfo><native Sync="TRUE">Microsoft Windows Vista Version 6.1 (Build 7601) Service Pack 1; ESRI ArcCatalog 9.3.1.4000</native><descript><langdata Sync="TRUE">zh</langdata><abstract>REQUIRED: A brief narrative summary of the data set.</abstract><purpose>REQUIRED: A summary of the intentions with which the data set was developed.</purpose></descript><citation><citeinfo><origin>REQUIRED: The name of an organization or individual that developed the data set.</origin><pubdate>REQUIRED: The date when the data set is published or otherwise made available for release.</pubdate><title Sync="TRUE">GOVHK.GIH3_SNB_POLY</title><ftname Sync="TRUE">GOVHK.GIH3_SNB_POLY</ftname><geoform Sync="TRUE">vector digital data</geoform><onlink Sync="TRUE">Server=gdat8073; Service=5353; Database=gih; User=govhk; Version=SDE.DEFAULT</onlink></citeinfo></citation><timeperd><current>REQUIRED: The basis on which the time period of content information is determined.</current><timeinfo><sngdate><caldate>REQUIRED: The year (and optionally month, or month and day) for which the data set corresponds to the ground.</caldate></sngdate></timeinfo></timeperd><status><progress>REQUIRED: The state of the data set.</progress><update>REQUIRED: The frequency with which changes and additions are made to the data set after the initial data set is completed.</update></status><spdom><bounding><westbc Sync="TRUE">REQUIRED: Western-most coordinate of the limit of coverage expressed in longitude.</westbc><eastbc Sync="TRUE">REQUIRED: Eastern-most coordinate of the limit of coverage expressed in longitude.</eastbc><northbc Sync="TRUE">REQUIRED: Northern-most coordinate of the limit of coverage expressed in latitude.</northbc><southbc Sync="TRUE">REQUIRED: Southern-most coordinate of the limit of coverage expressed in latitude.</southbc></bounding></spdom><keywords><theme><themekt>REQUIRED: Reference to a formally registered thesaurus or a similar authoritative source of theme keywords.</themekt><themekey>REQUIRED: Common-use word or phrase used to describe the subject of the data set.</themekey></theme></keywords><accconst>REQUIRED: Restrictions and legal prerequisites for accessing the data set.</accconst><useconst>REQUIRED: Restrictions and legal prerequisites for using the data set after access is granted.</useconst><natvform Sync="TRUE">SDE Feature Class</natvform></idinfo><dataIdInfo><envirDesc Sync="TRUE"> Version 6.2 (Build 9200) ; Esri ArcGIS 10.4.1.5686</envirDesc><dataLang><languageCode Sync="TRUE" value="zho"></languageCode><countryCode value="HKG" Sync="TRUE"></countryCode></dataLang><idCitation><resTitle Sync="TRUE">EDB_SNB_POLY</resTitle><presForm><PresFormCd Sync="TRUE" value="005"></PresFormCd></presForm></idCitation><spatRpType><SpatRepTypCd Sync="TRUE" value="001"></SpatRepTypCd></spatRpType></dataIdInfo><metainfo><langmeta Sync="TRUE">zh</langmeta><metstdn Sync="TRUE">FGDC Content Standards for Digital Geospatial Metadata</metstdn><metstdv Sync="TRUE">FGDC-STD-001-1998</metstdv><mettc Sync="TRUE">local time</mettc><metc><cntinfo><cntorgp><cntper>REQUIRED: The person responsible for the metadata information.</cntper><cntorg>REQUIRED: The organization responsible for the metadata information.</cntorg></cntorgp><cntaddr><addrtype>REQUIRED: The mailing and/or physical address for the organization or individual.</addrtype><city>REQUIRED: The city of the address.</city><state>REQUIRED: The state or province of the address.</state><postal>REQUIRED: The ZIP or other postal code of the address.</postal></cntaddr><cntvoice>REQUIRED: The telephone number by which individuals can speak to the organization or individual.</cntvoice></cntinfo></metc><metd Sync="TRUE">20150804</metd></metainfo><mdLang><languageCode Sync="TRUE" value="zho"></languageCode><countryCode value="HKG" Sync="TRUE"></countryCode></mdLang><mdStanName Sync="TRUE">ISO 19115 Geographic Information - Metadata</mdStanName><mdStanVer Sync="TRUE">DIS_ESRI1.0</mdStanVer><mdChar><CharSetCd Sync="TRUE" value="004"></CharSetCd></mdChar><mdHrLv><ScopeCd Sync="TRUE" value="005"></ScopeCd></mdHrLv><mdHrLvName Sync="TRUE">dataset</mdHrLvName><distinfo><resdesc Sync="TRUE">Downloadable Data</resdesc></distinfo><distInfo><distributor><distorTran><onLineSrc><orDesc Sync="TRUE">002</orDesc><linkage Sync="TRUE">Server=gdat8073; Service=5353; Database=gih; User=govhk; Version=SDE.DEFAULT</linkage><protocol Sync="TRUE">ArcSDE Connection</protocol></onLineSrc></distorTran><distorFormat><formatName Sync="TRUE">SDE Feature Class</formatName></distorFormat></distributor><distFormat><formatName Sync="TRUE">Shapefile</formatName></distFormat><distTranOps><transSize Sync="TRUE">0.000</transSize></distTranOps></distInfo><spdoinfo><direct Sync="TRUE">Vector</direct><ptvctinf><esriterm Name="EDB_SNB_POLY"><efeatyp Sync="TRUE">Simple</efeatyp><efeageom code="4" Sync="TRUE"></efeageom><esritopo Sync="TRUE">FALSE</esritopo><efeacnt Sync="TRUE">0</efeacnt><spindex Sync="TRUE">FALSE</spindex><linrefer Sync="TRUE">FALSE</linrefer></esriterm></ptvctinf></spdoinfo><spref><horizsys><cordsysn><geogcsn Sync="TRUE">GCS_Hong_Kong_1980</geogcsn><projcsn Sync="TRUE">Hong_Kong_1980_Grid</projcsn></cordsysn><planar><planci><plance Sync="TRUE">coordinate pair</plance><plandu Sync="TRUE">meters</plandu><coordrep><absres Sync="TRUE">0.000025</absres><ordres Sync="TRUE">0.000025</ordres></coordrep></planci></planar><geodetic><horizdn Sync="TRUE">D_Hong_Kong_1980</horizdn><ellips Sync="TRUE">International_1924</ellips><semiaxis Sync="TRUE">6378388.000000</semiaxis><denflat Sync="TRUE">297.000000</denflat></geodetic></horizsys><vertdef><altsys><altenc Sync="TRUE">Explicit elevation coordinate included with horizontal coordinates</altenc><altres Sync="TRUE">1.000000</altres></altsys></vertdef></spref><refSysInfo><RefSystem><refSysID><identCode Sync="TRUE" code="2326">Hong_Kong_1980_Grid</identCode><idCodeSpace Sync="TRUE">EPSG</idCodeSpace><idVersion Sync="TRUE">6.11(9.0.0)</idVersion></refSysID></RefSystem></refSysInfo><spatRepInfo><VectSpatRep><geometObjs Name="EDB_SNB_POLY"><geoObjTyp><GeoObjTypCd value="002" Sync="TRUE"></GeoObjTypCd></geoObjTyp><geoObjCnt Sync="TRUE">0</geoObjCnt></geometObjs><topLvl><TopoLevCd value="001" Sync="TRUE"></TopoLevCd></topLvl></VectSpatRep></spatRepInfo><eainfo><detailed Name="EDB_SNB_POLY"><enttyp><enttypl Sync="TRUE">EDB_SNB_POLY</enttypl><enttypt Sync="TRUE">Feature Class</enttypt><enttypc Sync="TRUE">0</enttypc></enttyp><attr><attrlabl Sync="TRUE">FID</attrlabl><attalias Sync="TRUE">FID</attalias><attrtype Sync="TRUE">OID</attrtype><attwidth Sync="TRUE">4</attwidth><atprecis Sync="TRUE">0</atprecis><attscale Sync="TRUE">0</attscale><attrdef Sync="TRUE">Internal feature number.</attrdef><attrdefs Sync="TRUE">Esri</attrdefs><attrdomv><udom Sync="TRUE">Sequential unique whole numbers that are automatically generated.</udom></attrdomv></attr><attr><attrlabl Sync="TRUE">NAME</attrlabl><attalias Sync="TRUE">NAME</attalias><attrtype Sync="TRUE">String</attrtype><attwidth Sync="TRUE">10</attwidth><atprecis Sync="TRUE">0</atprecis><attscale Sync="TRUE">0</attscale></attr><attr><attrlabl Sync="TRUE">AREA_TC</attrlabl><attalias Sync="TRUE">AREA_TC</attalias><attrtype Sync="TRUE">String</attrtype><attwidth Sync="TRUE">254</attwidth><atprecis Sync="TRUE">0</atprecis><attscale Sync="TRUE">0</attscale></attr><attr><attrlabl Sync="TRUE">WEBPAGE_EN</attrlabl><attalias Sync="TRUE">WEBPAGE_EN</attalias><attrtype Sync="TRUE">String</attrtype><attwidth Sync="TRUE">200</attwidth><atprecis Sync="TRUE">0</atprecis><attscale Sync="TRUE">0</attscale></attr><attr><attrlabl Sync="TRUE">WEBPAGE_TC</attrlabl><attalias Sync="TRUE">WEBPAGE_TC</attalias><attrtype Sync="TRUE">String</attrtype><attwidth Sync="TRUE">200</attwidth><atprecis Sync="TRUE">0</atprecis><attscale Sync="TRUE">0</attscale></attr><attr><attrlabl Sync="TRUE">AREA_EN</attrlabl><attalias Sync="TRUE">AREA_EN</attalias><attrtype Sync="TRUE">String</attrtype><attwidth Sync="TRUE">254</attwidth><atprecis Sync="TRUE">0</atprecis><attscale Sync="TRUE">0</attscale></attr><attr><attrlabl Sync="TRUE">LABEL_PT</attrlabl><attalias Sync="TRUE">LABEL_PT</attalias><attrtype Sync="TRUE">String</attrtype><attwidth Sync="TRUE">10</attwidth><atprecis Sync="TRUE">0</atprecis><attscale Sync="TRUE">0</attscale></attr><attr><attrlabl Sync="TRUE">SHAPE</attrlabl><attalias Sync="TRUE">Shape</attalias><attrtype Sync="TRUE">Geometry</attrtype><attwidth Sync="TRUE">0</attwidth><atprecis Sync="TRUE">0</atprecis><attscale Sync="TRUE">0</attscale><attrdef Sync="TRUE">Feature geometry.</attrdef><attrdefs Sync="TRUE">ESRI</attrdefs><attrdomv><udom Sync="TRUE">Coordinates defining the features.</udom></attrdomv></attr><attr><attrlabl Sync="TRUE">SHAPE_AREA</attrlabl><attalias Sync="TRUE">SHAPE_AREA</attalias><attrtype Sync="TRUE">Double</attrtype><attwidth Sync="TRUE">19</attwidth><atprecis Sync="TRUE">0</atprecis><attscale Sync="TRUE">0</attscale><attrdef Sync="TRUE">Area of feature in internal units squared.</attrdef><attrdefs Sync="TRUE">Esri</attrdefs><attrdomv><udom Sync="TRUE">Positive real numbers that are automatically generated.</udom></attrdomv></attr><attr><attrlabl Sync="TRUE">SHAPE_LEN</attrlabl><attalias Sync="TRUE">SHAPE_LEN</attalias><attrtype Sync="TRUE">Double</attrtype><attwidth Sync="TRUE">19</attwidth><atprecis Sync="TRUE">0</atprecis><attscale Sync="TRUE">0</attscale></attr></detailed></eainfo><mdDateSt Sync="TRUE">20191220</mdDateSt><dataqual><lineage><procstep><procdesc Sync="TRUE">Dataset copied.</procdesc><srcused Sync="TRUE">Server=gapp8076; Service=5353; User=govhk; Version=SDE.DEFAULT</srcused><procdate Sync="TRUE">20120827</procdate><proctime Sync="TRUE">11252900</proctime></procstep><procstep><procdesc Sync="TRUE">Dataset copied.</procdesc><srcused Sync="TRUE">Server=gdat8073; Service=5353; Database=gih; User=govhk; Version=SDE.DEFAULT</srcused><procdate Sync="TRUE">20120829</procdate><proctime Sync="TRUE">14425500</proctime></procstep><procstep><procdesc Sync="TRUE">Dataset copied.</procdesc><srcused Sync="TRUE">Server=gapp8076; Service=5353; User=govhk; Version=SDE.DEFAULT</srcused><procdate Sync="TRUE">20120830</procdate><proctime Sync="TRUE">11214000</proctime></procstep><procstep><procdesc Sync="TRUE">Dataset copied.</procdesc><srcused Sync="TRUE">Server=gdat8073; Service=5353; Database=gih; User=govhk; Version=SDE.DEFAULT</srcused><procdate Sync="TRUE">20130805</procdate><proctime Sync="TRUE">10115000</proctime></procstep><procstep><procdesc Sync="TRUE">Dataset copied.</procdesc><srcused Sync="TRUE">Server=gdat8073; Service=5353; Database=gih; User=govhk; Version=SDE.DEFAULT</srcused><procdate Sync="TRUE">20140804</procdate><proctime Sync="TRUE">10105500</proctime></procstep><procstep><procdesc Sync="TRUE">Dataset copied.</procdesc><srcused Sync="TRUE">Server=gdat8073; Service=5353; Database=gih; User=govhk; Version=SDE.DEFAULT</srcused><procdate Sync="TRUE">20141230</procdate><proctime Sync="TRUE">10314400</proctime></procstep></lineage></dataqual></metadata>
