﻿X,Y,Cluster,Type
836106.1,818506.9,Cluster  1,Core
836739.8,820959.7,Cluster  1,Core
836966.5,820774.8,Cluster  1,Core
836417.4,820865.6,Cluster  1,Core
835330.3,819421.6,Cluster  1,Core
834017.9,821095,Cluster  1,Core
835203.5,819211.2,Cluster  1,Core
836742.9,821067.1,Cluster  1,Core
836747.1,820779.2,Cluster  1,Core
837391,820131.4,Cluster  1,Core
836510.1,818671.9,Cluster  1,Core
834352.6,820188,Cluster  1,Core
835456.1,821124.7,Cluster  1,Core
836333.9,820638.6,Cluster  1,Core
835578.7,820946.5,Cluster  1,Core
836389.5,818049.6,Cluster  1,Core
833665.6,821414,Cluster  1,Core
837628.9,821584.3,Cluster  1,Core
836002.1,819694,Cluster  1,Core
837475.4,821350.6,Cluster  1,Core
835602.3,818987.5,Cluster  1,Core
836422.5,819723.9,Cluster  1,Core
836382.3,821011.8,Cluster  1,Core
837490,818901.1,Cluster  1,Core
837655.9,817989.8,Cluster  1,Boarder
835005.8,820173.6,Cluster  1,Core
836028.9,820385,Cluster  1,Core
839112.4,821823.6,Cluster  1,Boarder
834185.9,821767.2,Cluster  1,Core
834130.3,821583.4,Cluster  1,Core
836888.2,821010.6,Cluster  1,Core
836960.3,819804.7,Cluster  1,Core
842720.3,818933.3,Cluster  2,Core
844829.6,818661.8,Cluster  2,Core
845276,818315.5,Cluster  2,Core
842715.3,818515.8,Cluster  2,Core
844073.5,818303.8,Cluster  2,Core
842727.7,818484.8,Cluster  2,Core
842409.6,817697.4,Cluster  2,Core
842784.1,819031.9,Cluster  2,Core
842542.5,817732.8,Cluster  2,Core
844787.3,818767,Cluster  2,Core
845026.8,819867.9,Cluster  2,Boarder
841583.7,815651.8,Cluster  3,Core
840065.5,816494.1,Cluster  3,Core
839672.8,816674.5,Cluster  3,Core
840505.7,815693.6,Cluster  3,Core
841681.8,815131.3,Cluster  3,Core
841235.4,815549.8,Cluster  3,Core
840434.5,815960.4,Cluster  3,Core
839452.3,816568.1,Cluster  3,Core
839421.3,816609.1,Cluster  3,Core
842113.5,815714,Cluster  3,Boarder
834113.8,815537.2,Cluster  4,Core
833197.7,815946,Cluster  4,Core
833513.1,815947,Cluster  4,Core
833527.5,815973.6,Cluster  4,Core
832445.4,816089,Cluster  4,Core
833931.5,815954.7,Cluster  4,Core
831503.5,825480.9,Cluster  5,Boarder
831733,824986.9,Cluster  5,Boarder
829963.4,824805.9,Cluster  5,Core
829075.1,823887.2,Cluster  5,Boarder
829282.1,823811.8,Cluster  5,Boarder
830565.4,825954,Cluster  5,Core
830923.6,825542,Cluster  5,Core
